
Insert into SPRING23_S003_7_ACCOUNT Values ('Jason4479','Jason4479@gmail.com','6302425485','Jason','Brown','lmnlsndsls'); 
Insert into SPRING23_S003_7_ACCOUNT Values ('Jacob5953','Jacob5953@gmail.com','1018711891','Jacob','Stein','pcpfkzzyyw'); 
Insert into SPRING23_S003_7_ACCOUNT Values ('Cody6604','Cody6604@gmail.com','3930406107','Cody','Brown','pfxueflpwg'); 
Insert into SPRING23_S003_7_ACCOUNT Values ('Larry1490','Larry1490@gmail.com','2958658954','Larry','Morales','aherfbzwga'); 
Insert into SPRING23_S003_7_ACCOUNT Values ('Jessica3198','Jessica3198@gmail.com','6517412070','Jessica','Hendricks','pxnqzrldkv'); 
Insert into SPRING23_S003_7_ACCOUNT Values ('Brian7547','Brian7547@gmail.com','8449020836','Brian','Moore','uywqrdvilw'); 
Insert into SPRING23_S003_7_ACCOUNT Values ('Scott5735','Scott5735@gmail.com','6982766688','Scott','Baker','owuhrwigzx'); 
Insert into SPRING23_S003_7_ACCOUNT Values ('Ruth1301','Ruth1301@gmail.com','6192360679','Ruth','Hoffman','tvdzegtfwg'); 
Insert into SPRING23_S003_7_ACCOUNT Values ('Daniel0457','Daniel0457@gmail.com','3927933834','Daniel','George','alndarwvvz'); 
Insert into SPRING23_S003_7_ACCOUNT Values ('David6372','David6372@gmail.com','9478476299','David','Moody','uijumhzzdb'); 
Insert into SPRING23_S003_7_ACCOUNT Values ('Brian0332','Brian0332@gmail.com','0559907314','Brian','Maxwell','uillupvqrq'); 
Insert into SPRING23_S003_7_ACCOUNT Values ('Cory5365','Cory5365@gmail.com','5503360821','Cory','Cooper','ibdyhvlvmt'); 
Insert into SPRING23_S003_7_ACCOUNT Values ('Morgan2123','Morgan2123@gmail.com','3044180062','Morgan','Foster','vyeqfgdpyz'); 
Insert into SPRING23_S003_7_ACCOUNT Values ('James9479','James9479@gmail.com','6914705245','James','Sandoval','muvfcfkion'); 
Insert into SPRING23_S003_7_ACCOUNT Values ('Brian0049','Brian0049@gmail.com','1682866897','Brian','Lester','pzexdtkgem'); 
Insert into SPRING23_S003_7_ACCOUNT Values ('Anne5662','Anne5662@gmail.com','9320308001','Anne','Davis','hdhsoceitw'); 
Insert into SPRING23_S003_7_ACCOUNT Values ('Miss6084','Miss6084@gmail.com','9113306369','Miss','Amanda','ggcjsgeexj'); 
Insert into SPRING23_S003_7_ACCOUNT Values ('Amy7389','Amy7389@gmail.com','5619398149','Amy','Dunn','ddmgebdckc'); 
Insert into SPRING23_S003_7_ACCOUNT Values ('Brian6416','Brian6416@gmail.com','6095773433','Brian','Lee','urjmecabpv'); 
Insert into SPRING23_S003_7_ACCOUNT Values ('Kimberly7025','Kimberly7025@gmail.com','4887292074','Kimberly','Pratt','ihohqtppfh'); 
Insert into SPRING23_S003_7_ACCOUNT Values ('Russell7531','Russell7531@gmail.com','9040797976','Russell','Yang','qvgjdsxpsf'); 
Insert into SPRING23_S003_7_ACCOUNT Values ('Renee5028','Renee5028@gmail.com','2865932692','Renee','Fisher','gomsnisprr'); 
Insert into SPRING23_S003_7_ACCOUNT Values ('Rebecca7229','Rebecca7229@gmail.com','6091863072','Rebecca','Castro','gcvnpbgugm'); 
Insert into SPRING23_S003_7_ACCOUNT Values ('Robert1250','Robert1250@gmail.com','1101722864','Robert','Yoder','boqkejqtuz'); 
Insert into SPRING23_S003_7_ACCOUNT Values ('Todd3397','Todd3397@gmail.com','6006689769','Todd','Young','xjiyeqdxcc'); 
Insert into SPRING23_S003_7_ACCOUNT Values ('John6488','John6488@gmail.com','7032292953','John','Houston','odismtjcuk'); 
Insert into SPRING23_S003_7_ACCOUNT Values ('Matthew8220','Matthew8220@gmail.com','2998203621','Matthew','Valdez','tpxrcdbwhc'); 
Insert into SPRING23_S003_7_ACCOUNT Values ('Gary8422','Gary8422@gmail.com','3488622216','Gary','Nguyen','fzjmmouqdn'); 
Insert into SPRING23_S003_7_ACCOUNT Values ('Alexander2363','Alexander2363@gmail.com','0445477210','Alexander','Poole','kufbzytiqh'); 
Insert into SPRING23_S003_7_ACCOUNT Values ('Dean8111','Dean8111@gmail.com','4912968294','Dean','Welch','bdmrqnmcxx'); 
Insert into SPRING23_S003_7_ACCOUNT Values ('Andrew3923','Andrew3923@gmail.com','8716969264','Andrew','Perez','whbtaavgzb'); 
Insert into SPRING23_S003_7_ACCOUNT Values ('Brian5688','Brian5688@gmail.com','4796958673','Brian','Porter','ysjxvikmcj'); 
Insert into SPRING23_S003_7_ACCOUNT Values ('Aaron6289','Aaron6289@gmail.com','3576826505','Aaron','Walker','mxijphkstr'); 
Insert into SPRING23_S003_7_ACCOUNT Values ('Lisa5171','Lisa5171@gmail.com','6080346610','Lisa','Wilson','qbueqgmkdg'); 
Insert into SPRING23_S003_7_ACCOUNT Values ('Brian1709','Brian1709@gmail.com','5287355529','Brian','Miller','qepnyvinoj'); 
Insert into SPRING23_S003_7_ACCOUNT Values ('Nicholas0441','Nicholas0441@gmail.com','2854263521','Nicholas','Evans','qdvssunwne'); 
Insert into SPRING23_S003_7_ACCOUNT Values ('Jessica1329','Jessica1329@gmail.com','7917941285','Jessica','Hernandez','nrhheeisoo'); 
Insert into SPRING23_S003_7_ACCOUNT Values ('Teresa3899','Teresa3899@gmail.com','5397371489','Teresa','Haynes','icszwjomrk'); 
Insert into SPRING23_S003_7_ACCOUNT Values ('Angela8125','Angela8125@gmail.com','2294522251','Angela','Maynard','mkdppabyuf'); 
Insert into SPRING23_S003_7_ACCOUNT Values ('Stephanie2811','Stephanie2811@gmail.com','9194329699','Stephanie','Gregory','gnluhopahk'); 
Insert into SPRING23_S003_7_ACCOUNT Values ('Phyllis3225','Phyllis3225@gmail.com','4764281898','Phyllis','Hess','whbrcnuqfr'); 
Insert into SPRING23_S003_7_ACCOUNT Values ('Stephen5261','Stephen5261@gmail.com','3938069877','Stephen','Martin','hwlcfvywrb'); 
Insert into SPRING23_S003_7_ACCOUNT Values ('Emily2523','Emily2523@gmail.com','3734046866','Emily','Blair','wqcsrwsznk'); 
Insert into SPRING23_S003_7_ACCOUNT Values ('Hannah9941','Hannah9941@gmail.com','6231040758','Hannah','Holland','cvjbzarphi'); 
Insert into SPRING23_S003_7_ACCOUNT Values ('Adam3783','Adam3783@gmail.com','5476643276','Adam','Hoffman','afbvjiuthw'); 
Insert into SPRING23_S003_7_ACCOUNT Values ('Holly3028','Holly3028@gmail.com','3208169091','Holly','Roberts','vwrqetciss'); 
Insert into SPRING23_S003_7_ACCOUNT Values ('Jeffrey1076','Jeffrey1076@gmail.com','6400837440','Jeffrey','Brown','eqcgjegjdt'); 
Insert into SPRING23_S003_7_ACCOUNT Values ('Sarah6239','Sarah6239@gmail.com','9238430429','Sarah','Keith','nkszncrigz'); 
Insert into SPRING23_S003_7_ACCOUNT Values ('Sean4571','Sean4571@gmail.com','9900553728','Sean','Weeks','gpoyqhqsdy'); 
Insert into SPRING23_S003_7_ACCOUNT Values ('Tony2669','Tony2669@gmail.com','5643690182','Tony','Lloyd','reshymejgz'); 
Insert into SPRING23_S003_7_ACCOUNT Values ('Caleb5756','Caleb5756@gmail.com','4672125722','Caleb','Davidson','gimwmrdufc'); 
Insert into SPRING23_S003_7_ACCOUNT Values ('Andrew3265','Andrew3265@gmail.com','4929522718','Andrew','Patterson','efkcoocbcs'); 
Insert into SPRING23_S003_7_ACCOUNT Values ('Joshua1826','Joshua1826@gmail.com','1051966287','Joshua','Ellis','nuicepnjtl'); 
Insert into SPRING23_S003_7_ACCOUNT Values ('Cassandra6746','Cassandra6746@gmail.com','7016522712','Cassandra','Lewis','trwmbpfmcn'); 
Insert into SPRING23_S003_7_ACCOUNT Values ('Sabrina0020','Sabrina0020@gmail.com','2739488735','Sabrina','Wallace','atslntbhqg'); 
Insert into SPRING23_S003_7_ACCOUNT Values ('Derek5588','Derek5588@gmail.com','6607761248','Derek','Allison','cenjdgjveo'); 
Insert into SPRING23_S003_7_ACCOUNT Values ('Taylor2862','Taylor2862@gmail.com','7534307024','Taylor','Dawson','uceihfaxac'); 
Insert into SPRING23_S003_7_ACCOUNT Values ('Allison6230','Allison6230@gmail.com','0911064183','Allison','Yoder','fqowxmdxap'); 
Insert into SPRING23_S003_7_ACCOUNT Values ('Jo9413','Jo9413@gmail.com','6704655382','Jo','Brown','eskszwviuh'); 
Insert into SPRING23_S003_7_ACCOUNT Values ('Jennifer7561','Jennifer7561@gmail.com','2823259734','Jennifer','Mcdowell','zljptshicg'); 
Insert into SPRING23_S003_7_ACCOUNT Values ('Matthew9602','Matthew9602@gmail.com','0198892917','Matthew','Fry','khrbrmztrd'); 
Insert into SPRING23_S003_7_ACCOUNT Values ('Jose1533','Jose1533@gmail.com','0479304596','Jose','Nolan','mwqsdpzjzs'); 
Insert into SPRING23_S003_7_ACCOUNT Values ('Richard4404','Richard4404@gmail.com','9297263706','Richard','Meza','irqqgunrwx'); 
Insert into SPRING23_S003_7_ACCOUNT Values ('Michael4331','Michael4331@gmail.com','0651513514','Michael','Moore','zgtwvjakrf'); 
Insert into SPRING23_S003_7_ACCOUNT Values ('Philip8314','Philip8314@gmail.com','8860777953','Philip','Anderson','pqwikcvmgt'); 
Insert into SPRING23_S003_7_ACCOUNT Values ('Joyce1891','Joyce1891@gmail.com','8321380402','Joyce','Bishop','jyrhfrrvdk'); 
Insert into SPRING23_S003_7_ACCOUNT Values ('Patricia6433','Patricia6433@gmail.com','3972563571','Patricia','Ali','gmobccgyjy'); 
Insert into SPRING23_S003_7_ACCOUNT Values ('Raymond8754','Raymond8754@gmail.com','3405831770','Raymond','Galvan','ruonytjqmy'); 
Insert into SPRING23_S003_7_ACCOUNT Values ('Corey8349','Corey8349@gmail.com','2728845172','Corey','Green','whblpbquww'); 
Insert into SPRING23_S003_7_ACCOUNT Values ('Dr.7080','Dr.7080@gmail.com','4770261647','Dr.','Robert','dkhvpahrrp'); 
Insert into SPRING23_S003_7_ACCOUNT Values ('Joseph6669','Joseph6669@gmail.com','5975453939','Joseph','Copeland','dtlnoqfufw'); 
Insert into SPRING23_S003_7_ACCOUNT Values ('Matthew5226','Matthew5226@gmail.com','1853692698','Matthew','King','oaciavhwyd'); 
Insert into SPRING23_S003_7_ACCOUNT Values ('Jonathan3493','Jonathan3493@gmail.com','4047483259','Jonathan','Francis','adjkqpewfo'); 
Insert into SPRING23_S003_7_ACCOUNT Values ('Carmen9625','Carmen9625@gmail.com','3353702794','Carmen','Hardy','tlusbsmlck'); 
Insert into SPRING23_S003_7_ACCOUNT Values ('Kendra8683','Kendra8683@gmail.com','5800889991','Kendra','Andersen','dfzkxzdufe'); 
Insert into SPRING23_S003_7_ACCOUNT Values ('Jennifer3960','Jennifer3960@gmail.com','8649025961','Jennifer','Welch','hhlgzjzgim'); 
Insert into SPRING23_S003_7_ACCOUNT Values ('Heather5872','Heather5872@gmail.com','6625265075','Heather','Ryan','iwibtvbyns'); 
Insert into SPRING23_S003_7_ACCOUNT Values ('Jeff6377','Jeff6377@gmail.com','8278830880','Jeff','Hays','gmlddktvjk'); 
Insert into SPRING23_S003_7_ACCOUNT Values ('Chloe4828','Chloe4828@gmail.com','5316128941','Chloe','Marshall','orguwushuk'); 
Insert into SPRING23_S003_7_ACCOUNT Values ('Kimberly4224','Kimberly4224@gmail.com','0606884864','Kimberly','Blair','rvbiyxrkqe'); 
Insert into SPRING23_S003_7_ACCOUNT Values ('Frederick3843','Frederick3843@gmail.com','9645639467','Frederick','Ramirez','cwjczxzetx'); 
Insert into SPRING23_S003_7_ACCOUNT Values ('Ariel0584','Ariel0584@gmail.com','8961181823','Ariel','Williams','qugbtdioqe'); 
Insert into SPRING23_S003_7_ACCOUNT Values ('Jim9833','Jim9833@gmail.com','4377566798','Jim','Thompson','ysvcfdyscr'); 
Insert into SPRING23_S003_7_ACCOUNT Values ('Melissa6017','Melissa6017@gmail.com','1969253636','Melissa','Walker','vaormnvbgh'); 
Insert into SPRING23_S003_7_ACCOUNT Values ('Mason3504','Mason3504@gmail.com','1709347950','Mason','Williams','wldnfktibq'); 
Insert into SPRING23_S003_7_ACCOUNT Values ('Nathan8091','Nathan8091@gmail.com','8374634348','Nathan','Jackson','kjfpzonzlq'); 
Insert into SPRING23_S003_7_ACCOUNT Values ('Angela0774','Angela0774@gmail.com','7863738416','Angela','Howard','rdlzkwilpo'); 
Insert into SPRING23_S003_7_ACCOUNT Values ('Derrick0274','Derrick0274@gmail.com','2891730220','Derrick','Santiago','ylnyfwcjwp'); 
Insert into SPRING23_S003_7_ACCOUNT Values ('Carrie4605','Carrie4605@gmail.com','5719371694','Carrie','Craig','mcwfjmaqmh'); 
Insert into SPRING23_S003_7_ACCOUNT Values ('Sean9143','Sean9143@gmail.com','5758854227','Sean','Powell','wwxmxmkvwb'); 
Insert into SPRING23_S003_7_ACCOUNT Values ('Thomas6139','Thomas6139@gmail.com','0006675821','Thomas','Garcia','ghsjbqaelt'); 
Insert into SPRING23_S003_7_ACCOUNT Values ('Katherine2657','Katherine2657@gmail.com','9083079233','Katherine','Davis','ekyoxfdxvi'); 
Insert into SPRING23_S003_7_ACCOUNT Values ('Jennifer0342','Jennifer0342@gmail.com','0713923461','Jennifer','Berry','dtysprkzwr'); 
Insert into SPRING23_S003_7_ACCOUNT Values ('David8146','David8146@gmail.com','3673574471','David','Lewis','xwypzgtfrq'); 
Insert into SPRING23_S003_7_ACCOUNT Values ('Linda8003','Linda8003@gmail.com','4177713720','Linda','Smith','bppfateyct'); 
Insert into SPRING23_S003_7_ACCOUNT Values ('Robert7536','Robert7536@gmail.com','6548228149','Robert','Garrett','qczncqssox'); 
Insert into SPRING23_S003_7_ACCOUNT Values ('Parker4342','Parker4342@gmail.com','8133574055','Parker','Kent','yyfawikdtg'); 
Insert into SPRING23_S003_7_ACCOUNT Values ('Michelle4908','Michelle4908@gmail.com','3619027305','Michelle','Logan','deiyvyajmb'); 
Insert into SPRING23_S003_7_ACCOUNT Values ('Beverly2602','Beverly2602@gmail.com','7252879752','Beverly','Baker','rdqaozhzpj'); 
Insert into SPRING23_S003_7_ACCOUNT Values ('James7118','James7118@gmail.com','6568170486','James','Decker','wnxgczpkgz'); 


Insert into SPRING23_S003_7_ADMIN Values ('Jason4479','548-00-0750','100000','636 Carmen Mountain Suite 431
South Felicia, FL 04051');
Insert into SPRING23_S003_7_ADMIN Values ('Jacob5953','654-00-4513','100000','08834 Cook Dale
Jorgeside, NH 33878');
Insert into SPRING23_S003_7_ADMIN Values ('Cody6604','441-00-3154','100000','450 Richard Place
North Teresaville, AR 12422');
Insert into SPRING23_S003_7_ADMIN Values ('Larry1490','415-00-1105','100000','Unit 8144 Box 4642
DPO AP 18839');


Insert into SPRING23_S003_7_USER Values ('Jessica3198','F',DATE'2020-08-13');
Insert into SPRING23_S003_7_USER Values ('Brian7547','F',DATE'2022-12-06');
Insert into SPRING23_S003_7_USER Values ('Scott5735','F',DATE'2019-08-08');
Insert into SPRING23_S003_7_USER Values ('Ruth1301','F',DATE'2021-08-18');
Insert into SPRING23_S003_7_USER Values ('Daniel0457','M',DATE'2022-03-08');
Insert into SPRING23_S003_7_USER Values ('David6372','F',DATE'2019-04-06');
Insert into SPRING23_S003_7_USER Values ('Brian0332','F',DATE'2022-08-24');
Insert into SPRING23_S003_7_USER Values ('Cory5365','M',DATE'2022-06-18');
Insert into SPRING23_S003_7_USER Values ('Morgan2123','F',DATE'2022-08-15');
Insert into SPRING23_S003_7_USER Values ('James9479','F',DATE'2021-09-15');
Insert into SPRING23_S003_7_USER Values ('Brian0049','F',DATE'2020-12-26');
Insert into SPRING23_S003_7_USER Values ('Anne5662','M',DATE'2021-12-18');
Insert into SPRING23_S003_7_USER Values ('Miss6084','M',DATE'2022-01-11');
Insert into SPRING23_S003_7_USER Values ('Amy7389','M',DATE'2021-12-20');
Insert into SPRING23_S003_7_USER Values ('Brian6416','F',DATE'2022-09-02');
Insert into SPRING23_S003_7_USER Values ('Kimberly7025','F',DATE'2020-06-23');
Insert into SPRING23_S003_7_USER Values ('Russell7531','F',DATE'2019-02-15');
Insert into SPRING23_S003_7_USER Values ('Renee5028','F',DATE'2020-07-31');
Insert into SPRING23_S003_7_USER Values ('Rebecca7229','M',DATE'2020-09-08');
Insert into SPRING23_S003_7_USER Values ('Robert1250','M',DATE'2021-08-24');
Insert into SPRING23_S003_7_USER Values ('Todd3397','M',DATE'2019-12-17');
Insert into SPRING23_S003_7_USER Values ('John6488','F',DATE'2022-02-16');
Insert into SPRING23_S003_7_USER Values ('Matthew8220','M',DATE'2021-04-06');
Insert into SPRING23_S003_7_USER Values ('Gary8422','M',DATE'2022-09-21');
Insert into SPRING23_S003_7_USER Values ('Alexander2363','F',DATE'2021-04-05');
Insert into SPRING23_S003_7_USER Values ('Dean8111','F',DATE'2022-02-01');
Insert into SPRING23_S003_7_USER Values ('Andrew3923','F',DATE'2020-03-17');
Insert into SPRING23_S003_7_USER Values ('Brian5688','M',DATE'2021-04-22');
Insert into SPRING23_S003_7_USER Values ('Aaron6289','M',DATE'2022-08-06');
Insert into SPRING23_S003_7_USER Values ('Lisa5171','F',DATE'2020-11-21');
Insert into SPRING23_S003_7_USER Values ('Brian1709','M',DATE'2019-04-08');
Insert into SPRING23_S003_7_USER Values ('Nicholas0441','F',DATE'2021-04-16');
Insert into SPRING23_S003_7_USER Values ('Jessica1329','F',DATE'2022-11-24');
Insert into SPRING23_S003_7_USER Values ('Teresa3899','M',DATE'2022-04-21');
Insert into SPRING23_S003_7_USER Values ('Angela8125','M',DATE'2019-01-08');
Insert into SPRING23_S003_7_USER Values ('Stephanie2811','F',DATE'2019-07-27');
Insert into SPRING23_S003_7_USER Values ('Phyllis3225','M',DATE'2021-08-27');
Insert into SPRING23_S003_7_USER Values ('Stephen5261','M',DATE'2021-04-05');
Insert into SPRING23_S003_7_USER Values ('Emily2523','F',DATE'2021-06-26');
Insert into SPRING23_S003_7_USER Values ('Hannah9941','F',DATE'2020-12-16');
Insert into SPRING23_S003_7_USER Values ('Adam3783','M',DATE'2020-06-19');
Insert into SPRING23_S003_7_USER Values ('Holly3028','M',DATE'2019-09-03');
Insert into SPRING23_S003_7_USER Values ('Jeffrey1076','M',DATE'2020-10-18');
Insert into SPRING23_S003_7_USER Values ('Sarah6239','F',DATE'2021-07-07');
Insert into SPRING23_S003_7_USER Values ('Sean4571','M',DATE'2021-04-20');
Insert into SPRING23_S003_7_USER Values ('Tony2669','M',DATE'2021-01-19');
Insert into SPRING23_S003_7_USER Values ('Caleb5756','F',DATE'2019-01-24');
Insert into SPRING23_S003_7_USER Values ('Andrew3265','M',DATE'2020-10-21');
Insert into SPRING23_S003_7_USER Values ('Joshua1826','M',DATE'2021-05-14');
Insert into SPRING23_S003_7_USER Values ('Cassandra6746','F',DATE'2020-09-16');
Insert into SPRING23_S003_7_USER Values ('Sabrina0020','M',DATE'2019-06-29');
Insert into SPRING23_S003_7_USER Values ('Derek5588','F',DATE'2021-02-08');
Insert into SPRING23_S003_7_USER Values ('Taylor2862','M',DATE'2019-08-07');
Insert into SPRING23_S003_7_USER Values ('Allison6230','M',DATE'2019-03-09');
Insert into SPRING23_S003_7_USER Values ('Jo9413','F',DATE'2019-04-10');
Insert into SPRING23_S003_7_USER Values ('Jennifer7561','F',DATE'2019-02-22');
Insert into SPRING23_S003_7_USER Values ('Matthew9602','M',DATE'2022-11-11');
Insert into SPRING23_S003_7_USER Values ('Jose1533','F',DATE'2021-06-14');
Insert into SPRING23_S003_7_USER Values ('Richard4404','M',DATE'2020-08-08');
Insert into SPRING23_S003_7_USER Values ('Michael4331','F',DATE'2019-08-19');
Insert into SPRING23_S003_7_USER Values ('Philip8314','F',DATE'2019-06-18');
Insert into SPRING23_S003_7_USER Values ('Joyce1891','M',DATE'2021-03-21');
Insert into SPRING23_S003_7_USER Values ('Patricia6433','M',DATE'2020-12-16');
Insert into SPRING23_S003_7_USER Values ('Raymond8754','F',DATE'2022-10-18');
Insert into SPRING23_S003_7_USER Values ('Corey8349','M',DATE'2021-02-03');
Insert into SPRING23_S003_7_USER Values ('Dr.7080','F',DATE'2022-11-08');
Insert into SPRING23_S003_7_USER Values ('Joseph6669','F',DATE'2020-07-18');
Insert into SPRING23_S003_7_USER Values ('Matthew5226','M',DATE'2020-01-16');
Insert into SPRING23_S003_7_USER Values ('Jonathan3493','M',DATE'2021-09-19');
Insert into SPRING23_S003_7_USER Values ('Carmen9625','M',DATE'2021-11-30');
Insert into SPRING23_S003_7_USER Values ('Kendra8683','F',DATE'2019-01-03');
Insert into SPRING23_S003_7_USER Values ('Jennifer3960','M',DATE'2021-10-25');
Insert into SPRING23_S003_7_USER Values ('Heather5872','F',DATE'2022-11-07');
Insert into SPRING23_S003_7_USER Values ('Jeff6377','M',DATE'2020-01-07');
Insert into SPRING23_S003_7_USER Values ('Chloe4828','F',DATE'2021-11-06');
Insert into SPRING23_S003_7_USER Values ('Kimberly4224','M',DATE'2022-09-19');
Insert into SPRING23_S003_7_USER Values ('Frederick3843','F',DATE'2021-09-28');
Insert into SPRING23_S003_7_USER Values ('Ariel0584','M',DATE'2021-07-03');
Insert into SPRING23_S003_7_USER Values ('Jim9833','F',DATE'2020-04-25');
Insert into SPRING23_S003_7_USER Values ('Melissa6017','F',DATE'2020-02-08');
Insert into SPRING23_S003_7_USER Values ('Mason3504','M',DATE'2019-03-02');
Insert into SPRING23_S003_7_USER Values ('Nathan8091','M',DATE'2020-02-17');
Insert into SPRING23_S003_7_USER Values ('Angela0774','M',DATE'2020-03-25');
Insert into SPRING23_S003_7_USER Values ('Derrick0274','M',DATE'2020-05-10');
Insert into SPRING23_S003_7_USER Values ('Carrie4605','F',DATE'2022-01-02');
Insert into SPRING23_S003_7_USER Values ('Sean9143','F',DATE'2021-10-02');
Insert into SPRING23_S003_7_USER Values ('Thomas6139','M',DATE'2020-03-15');
Insert into SPRING23_S003_7_USER Values ('Katherine2657','M',DATE'2020-11-18');
Insert into SPRING23_S003_7_USER Values ('Jennifer0342','M',DATE'2020-11-29');
Insert into SPRING23_S003_7_USER Values ('David8146','F',DATE'2021-06-10');
Insert into SPRING23_S003_7_USER Values ('Linda8003','M',DATE'2022-07-13');
Insert into SPRING23_S003_7_USER Values ('Robert7536','M',DATE'2021-07-05');
Insert into SPRING23_S003_7_USER Values ('Parker4342','F',DATE'2020-03-15');
Insert into SPRING23_S003_7_USER Values ('Michelle4908','F',DATE'2020-02-09');
Insert into SPRING23_S003_7_USER Values ('Beverly2602','F',DATE'2021-07-08');
Insert into SPRING23_S003_7_USER Values ('James7118','M',DATE'2019-10-27');


Insert into SPRING23_S003_7_BUYER Values ('Dean8111');
Insert into SPRING23_S003_7_BUYER Values ('Andrew3923');
Insert into SPRING23_S003_7_BUYER Values ('Brian5688');
Insert into SPRING23_S003_7_BUYER Values ('Aaron6289');
Insert into SPRING23_S003_7_BUYER Values ('Lisa5171');
Insert into SPRING23_S003_7_BUYER Values ('Brian1709');
Insert into SPRING23_S003_7_BUYER Values ('Nicholas0441');
Insert into SPRING23_S003_7_BUYER Values ('Jessica1329');
Insert into SPRING23_S003_7_BUYER Values ('Teresa3899');
Insert into SPRING23_S003_7_BUYER Values ('Angela8125');
Insert into SPRING23_S003_7_BUYER Values ('Stephanie2811');
Insert into SPRING23_S003_7_BUYER Values ('Phyllis3225');
Insert into SPRING23_S003_7_BUYER Values ('Stephen5261');
Insert into SPRING23_S003_7_BUYER Values ('Emily2523');
Insert into SPRING23_S003_7_BUYER Values ('Hannah9941');
Insert into SPRING23_S003_7_BUYER Values ('Adam3783');
Insert into SPRING23_S003_7_BUYER Values ('Holly3028');
Insert into SPRING23_S003_7_BUYER Values ('Jeffrey1076');
Insert into SPRING23_S003_7_BUYER Values ('Sarah6239');
Insert into SPRING23_S003_7_BUYER Values ('Sean4571');
Insert into SPRING23_S003_7_BUYER Values ('Tony2669');
Insert into SPRING23_S003_7_BUYER Values ('Caleb5756');
Insert into SPRING23_S003_7_BUYER Values ('Andrew3265');
Insert into SPRING23_S003_7_BUYER Values ('Joshua1826');
Insert into SPRING23_S003_7_BUYER Values ('Cassandra6746');
Insert into SPRING23_S003_7_BUYER Values ('Sabrina0020');
Insert into SPRING23_S003_7_BUYER Values ('Derek5588');
Insert into SPRING23_S003_7_BUYER Values ('Taylor2862');
Insert into SPRING23_S003_7_BUYER Values ('Allison6230');
Insert into SPRING23_S003_7_BUYER Values ('Jo9413');
Insert into SPRING23_S003_7_BUYER Values ('Jennifer7561');
Insert into SPRING23_S003_7_BUYER Values ('Matthew9602');
Insert into SPRING23_S003_7_BUYER Values ('Jose1533');
Insert into SPRING23_S003_7_BUYER Values ('Richard4404');
Insert into SPRING23_S003_7_BUYER Values ('Michael4331');
Insert into SPRING23_S003_7_BUYER Values ('Philip8314');
Insert into SPRING23_S003_7_BUYER Values ('Joyce1891');
Insert into SPRING23_S003_7_BUYER Values ('Patricia6433');
Insert into SPRING23_S003_7_BUYER Values ('Raymond8754');
Insert into SPRING23_S003_7_BUYER Values ('Corey8349');
Insert into SPRING23_S003_7_BUYER Values ('Dr.7080');
Insert into SPRING23_S003_7_BUYER Values ('Joseph6669');
Insert into SPRING23_S003_7_BUYER Values ('Matthew5226');
Insert into SPRING23_S003_7_BUYER Values ('Jonathan3493');
Insert into SPRING23_S003_7_BUYER Values ('Carmen9625');
Insert into SPRING23_S003_7_BUYER Values ('Kendra8683');
Insert into SPRING23_S003_7_BUYER Values ('Jennifer3960');
Insert into SPRING23_S003_7_BUYER Values ('Heather5872');
Insert into SPRING23_S003_7_BUYER Values ('Jeff6377');
Insert into SPRING23_S003_7_BUYER Values ('Chloe4828');
Insert into SPRING23_S003_7_BUYER Values ('Kimberly4224');
Insert into SPRING23_S003_7_BUYER Values ('Frederick3843');
Insert into SPRING23_S003_7_BUYER Values ('Ariel0584');
Insert into SPRING23_S003_7_BUYER Values ('Jim9833');
Insert into SPRING23_S003_7_BUYER Values ('Melissa6017');
Insert into SPRING23_S003_7_BUYER Values ('Mason3504');
Insert into SPRING23_S003_7_BUYER Values ('Nathan8091');
Insert into SPRING23_S003_7_BUYER Values ('Angela0774');
Insert into SPRING23_S003_7_BUYER Values ('Derrick0274');
Insert into SPRING23_S003_7_BUYER Values ('Carrie4605');
Insert into SPRING23_S003_7_BUYER Values ('Sean9143');
Insert into SPRING23_S003_7_BUYER Values ('Thomas6139');
Insert into SPRING23_S003_7_BUYER Values ('Katherine2657');
Insert into SPRING23_S003_7_BUYER Values ('Jennifer0342');
Insert into SPRING23_S003_7_BUYER Values ('David8146');
Insert into SPRING23_S003_7_BUYER Values ('Linda8003');
Insert into SPRING23_S003_7_BUYER Values ('Robert7536');
Insert into SPRING23_S003_7_BUYER Values ('Parker4342');
Insert into SPRING23_S003_7_BUYER Values ('Michelle4908');
Insert into SPRING23_S003_7_BUYER Values ('Beverly2602');
Insert into SPRING23_S003_7_BUYER Values ('James7118');


Insert into SPRING23_S003_7_SELLER Values ('Jessica3198','Question something cultural entire property.');
Insert into SPRING23_S003_7_SELLER Values ('Brian7547','Edge use collection those great.');
Insert into SPRING23_S003_7_SELLER Values ('Scott5735','Agent community by day.');
Insert into SPRING23_S003_7_SELLER Values ('Ruth1301','Wrong much health rest.');
Insert into SPRING23_S003_7_SELLER Values ('Daniel0457','Shoulder pay onto big already only you.');
Insert into SPRING23_S003_7_SELLER Values ('David6372','Soon history majority skin change rich report.');
Insert into SPRING23_S003_7_SELLER Values ('Brian0332','Group improve option mention owner that camera.');
Insert into SPRING23_S003_7_SELLER Values ('Cory5365','Government feel dinner involve we health.');
Insert into SPRING23_S003_7_SELLER Values ('Morgan2123','Voice buy discuss even.');
Insert into SPRING23_S003_7_SELLER Values ('James9479','Total catch newspaper camera doctor similar and.');
Insert into SPRING23_S003_7_SELLER Values ('Brian0049','Back simply already scientist.');
Insert into SPRING23_S003_7_SELLER Values ('Anne5662','Against report space range father these policy.');
Insert into SPRING23_S003_7_SELLER Values ('Miss6084','Receive seven health say which.');
Insert into SPRING23_S003_7_SELLER Values ('Amy7389','Everybody question win experience reality.');
Insert into SPRING23_S003_7_SELLER Values ('Brian6416','Certainly material yet beyond affect develop.');
Insert into SPRING23_S003_7_SELLER Values ('Kimberly7025','Method official trouble PM learn policy.');
Insert into SPRING23_S003_7_SELLER Values ('Russell7531','Subject itself student it again you bit.');
Insert into SPRING23_S003_7_SELLER Values ('Renee5028','Share question good exist laugh.');
Insert into SPRING23_S003_7_SELLER Values ('Rebecca7229','Prevent concern question general international write suddenly.');
Insert into SPRING23_S003_7_SELLER Values ('Robert1250','Put table performance.');
Insert into SPRING23_S003_7_SELLER Values ('Todd3397','Fact kind avoid result.');
Insert into SPRING23_S003_7_SELLER Values ('John6488','Start food watch walk interview game lot morning.');
Insert into SPRING23_S003_7_SELLER Values ('Matthew8220','Become spring floor take huge left.');
Insert into SPRING23_S003_7_SELLER Values ('Gary8422','Myself age take enough yet.');
Insert into SPRING23_S003_7_SELLER Values ('Alexander2363','Interest ask rather catch health.');


Insert into SPRING23_S003_7_PRODUCT_CATEGORY Values ('0','Furniture');
Insert into SPRING23_S003_7_PRODUCT_CATEGORY Values ('1','Kitchen');
Insert into SPRING23_S003_7_PRODUCT_CATEGORY Values ('2','Bedding');
Insert into SPRING23_S003_7_PRODUCT_CATEGORY Values ('3','Lighting');
Insert into SPRING23_S003_7_PRODUCT_CATEGORY Values ('4','Storage');
Insert into SPRING23_S003_7_PRODUCT_CATEGORY Values ('5','Electronics');


Insert into SPRING23_S003_7_LISTING Values ('7906415','Furniture','Defense administration likely base left.','374','0','Jessica3198','Ariel0584',DATE'2021-07-03',DATE'2020-06-16');
Insert into SPRING23_S003_7_LISTING Values ('149342','Furniture','Business stop woman usually anyone.','488','0','Jessica3198','Matthew5226',DATE'2020-11-28',DATE'2020-11-17');
Insert into SPRING23_S003_7_LISTING Values ('8316492','Kitchen','Water her rather decision someone news.','238','1','Jessica3198','Matthew5226',DATE'2022-12-08',DATE'2022-11-21');
Insert into SPRING23_S003_7_LISTING Values ('7311133','Kitchen','Whether citizen serve toward.','101','1','Jessica3198','Phyllis3225',DATE'2022-05-08',DATE'2022-04-16');
Insert into SPRING23_S003_7_LISTING Values ('5711051','Furniture','Father site operation campaign.','374','1','Brian7547','Ariel0584',DATE'2021-07-03',DATE'2020-06-16');
Insert into SPRING23_S003_7_LISTING Values ('1445885','Furniture','Wind crime me general.','488','0','Brian7547','Matthew5226',DATE'2020-11-28',DATE'2020-11-17');
Insert into SPRING23_S003_7_LISTING Values ('7750275','Furniture','Particular situation few whatever finish possible.','374','0','Scott5735','Ariel0584',DATE'2021-07-03',DATE'2020-06-16');
Insert into SPRING23_S003_7_LISTING Values ('186581','Furniture','Indeed offer set this.','488','0','Scott5735','Matthew5226',DATE'2020-11-28',DATE'2020-11-17');
Insert into SPRING23_S003_7_LISTING Values ('1938545','Furniture','At huge officer.','374','0','Ruth1301','Ariel0584',DATE'2021-07-03',DATE'2020-06-16');
Insert into SPRING23_S003_7_LISTING Values ('2550472','Furniture','Attorney blue necessary analysis central.','488','0','Ruth1301','Matthew5226',DATE'2020-11-28',DATE'2020-11-17');
Insert into SPRING23_S003_7_LISTING Values ('3602762','Kitchen','Drug bank chair us note.','238','1','Ruth1301','Matthew5226',DATE'2022-12-08',DATE'2022-11-21');
Insert into SPRING23_S003_7_LISTING Values ('4332044','Kitchen','About dinner store.','101','1','Ruth1301','Phyllis3225',DATE'2022-05-08',DATE'2022-04-16');
Insert into SPRING23_S003_7_LISTING Values ('677628','Furniture','Heavy human my big south.','106','0','Ruth1301','Angela0774',DATE'2020-03-25',DATE'2019-07-17');
Insert into SPRING23_S003_7_LISTING Values ('3944633','Furniture','Main skill painting everything.','783','0','Ruth1301','Holly3028',DATE'2019-09-03',DATE'2019-01-25');
Insert into SPRING23_S003_7_LISTING Values ('2807131','Lighting','Tell activity over win.','687','3','Ruth1301','Richard4404',DATE'2021-08-19',DATE'2021-08-08');
Insert into SPRING23_S003_7_LISTING Values ('6892671','Bedding','Mission hand only general few hold.','451','2','Ruth1301','Thomas6139',DATE'2020-03-15',DATE'2020-01-30');
Insert into SPRING23_S003_7_LISTING Values ('7661531','Electronics','Ago national water answer.','639','4','Ruth1301','Andrew3923',DATE'2021-03-26',DATE'2021-02-24');
Insert into SPRING23_S003_7_LISTING Values ('8261368','Storage','Once necessary follow effect someone.','544','4','Ruth1301','Katherine2657',DATE'2021-12-02',DATE'2021-11-09');
Insert into SPRING23_S003_7_LISTING Values ('8040020','Bedding','Interview many allow significant conference.','622','2','Ruth1301','Joshua1826',DATE'2021-05-14',DATE'2019-05-25');
Insert into SPRING23_S003_7_LISTING Values ('8214319','Furniture','Language compare clear between none reach.','374','2','David6372','Ariel0584',DATE'2021-07-03',DATE'2020-06-16');
Insert into SPRING23_S003_7_LISTING Values ('2618041','Furniture','Partner consumer keep eight note.','488','0','David6372','Matthew5226',DATE'2020-11-28',DATE'2020-11-17');
Insert into SPRING23_S003_7_LISTING Values ('3646675','Kitchen','Start physical eat play writer public want west.','238','1','David6372','Matthew5226',DATE'2022-12-08',DATE'2022-11-21');
Insert into SPRING23_S003_7_LISTING Values ('6919308','Kitchen','New question save capital suffer common.','101','1','David6372','Phyllis3225',DATE'2022-05-08',DATE'2022-04-16');
Insert into SPRING23_S003_7_LISTING Values ('1887628','Furniture','My decision month important listen what draw.','106','0','David6372','Angela0774',DATE'2020-03-25',DATE'2019-07-17');
Insert into SPRING23_S003_7_LISTING Values ('2356853','Furniture','Memory room line special foreign.','783','0','David6372','Holly3028',DATE'2019-09-03',DATE'2019-01-25');
Insert into SPRING23_S003_7_LISTING Values ('5974936','Lighting','Face remain director finally choice join.','687','3','David6372','Richard4404',DATE'2021-08-19',DATE'2021-08-08');
Insert into SPRING23_S003_7_LISTING Values ('2537158','Bedding','Another address eye.','451','2','David6372','Thomas6139',DATE'2020-03-15',DATE'2020-01-30');
Insert into SPRING23_S003_7_LISTING Values ('6134311','Electronics','Eat need each suffer inside nor mission.','639','5','David6372','Andrew3923',DATE'2021-03-26',DATE'2021-02-24');
Insert into SPRING23_S003_7_LISTING Values ('3383442','Storage','Reveal find yet policy mean cold.','544','4','David6372','Katherine2657',DATE'2021-12-02',DATE'2021-11-09');
Insert into SPRING23_S003_7_LISTING Values ('1998500','Furniture','Statement assume court total they remember evening.','374','0','Brian0332','Ariel0584',DATE'2021-07-03',DATE'2020-06-16');
Insert into SPRING23_S003_7_LISTING Values ('8505483','Furniture','Animal important soldier investment feeling mind.','488','0','Brian0332','Matthew5226',DATE'2020-11-28',DATE'2020-11-17');
Insert into SPRING23_S003_7_LISTING Values ('5317082','Furniture','Condition customer skill will.','374','0','Cory5365','Ariel0584',DATE'2021-07-03',DATE'2020-06-16');
Insert into SPRING23_S003_7_LISTING Values ('3262865','Furniture','Billion these without near especially space rise.','488','0','Cory5365','Matthew5226',DATE'2020-11-28',DATE'2020-11-17');
Insert into SPRING23_S003_7_LISTING Values ('6174966','Kitchen','Kitchen middle western point company impact partner.','238','1','Cory5365','Matthew5226',DATE'2022-12-08',DATE'2022-11-21');
Insert into SPRING23_S003_7_LISTING Values ('6835112','Kitchen','Challenge charge want throw television my really.','101','1','Cory5365','Phyllis3225',DATE'2022-05-08',DATE'2022-04-16');
Insert into SPRING23_S003_7_LISTING Values ('6836596','Furniture','Certainly center walk kitchen through though general.','106','0','Cory5365','Angela0774',DATE'2020-03-25',DATE'2019-07-17');
Insert into SPRING23_S003_7_LISTING Values ('2680586','Furniture','Same write his or.','783','0','Cory5365','Holly3028',DATE'2019-09-03',DATE'2019-01-25');
Insert into SPRING23_S003_7_LISTING Values ('4578170','Lighting','Figure teach why second to dinner.','687','3','Cory5365','Richard4404',DATE'2021-08-19',DATE'2021-08-08');
Insert into SPRING23_S003_7_LISTING Values ('3886004','Bedding','Happy shoulder sister bank traditional already long.','451','2','Cory5365','Thomas6139',DATE'2020-03-15',DATE'2020-01-30');
Insert into SPRING23_S003_7_LISTING Values ('3966516','Furniture','Either country minute worry into under.','374','0','Morgan2123','Ariel0584',DATE'2021-07-03',DATE'2020-06-16');
Insert into SPRING23_S003_7_LISTING Values ('6350733','Furniture','High son out bag professional future nature.','488','0','Morgan2123','Matthew5226',DATE'2020-11-28',DATE'2020-11-17');
Insert into SPRING23_S003_7_LISTING Values ('3766337','Kitchen','Pressure bed participant bag though to building within.','238','1','Morgan2123','Matthew5226',DATE'2022-12-08',DATE'2022-11-21');
Insert into SPRING23_S003_7_LISTING Values ('2710005','Kitchen','Any sing not have mission month for.','101','1','Morgan2123','Phyllis3225',DATE'2022-05-08',DATE'2022-04-16');
Insert into SPRING23_S003_7_LISTING Values ('8132898','Furniture','Fear relate scientist.','106','0','Morgan2123','Angela0774',DATE'2020-03-25',DATE'2019-07-17');
Insert into SPRING23_S003_7_LISTING Values ('5758967','Furniture','Office stuff age analysis claim player all.','374','0','James9479','Ariel0584',DATE'2021-07-03',DATE'2020-06-16');
Insert into SPRING23_S003_7_LISTING Values ('3736647','Furniture','Company hard will since point body.','488','0','James9479','Matthew5226',DATE'2020-11-28',DATE'2020-11-17');
Insert into SPRING23_S003_7_LISTING Values ('3011372','Furniture','Really specific outside skill player.','374','0','Brian0049','Ariel0584',DATE'2021-07-03',DATE'2020-06-16');
Insert into SPRING23_S003_7_LISTING Values ('2296592','Furniture','Hot race all man commercial.','488','0','Brian0049','Matthew5226',DATE'2020-11-28',DATE'2020-11-17');
Insert into SPRING23_S003_7_LISTING Values ('4488763','Kitchen','Property education personal democratic mission run.','238','1','Brian0049','Matthew5226',DATE'2022-12-08',DATE'2022-11-21');
Insert into SPRING23_S003_7_LISTING Values ('3888711','Kitchen','Mrs argue let dream agree.','101','1','Brian0049','Phyllis3225',DATE'2022-05-08',DATE'2022-04-16');
Insert into SPRING23_S003_7_LISTING Values ('2534812','Furniture','Short away know religious year she a.','106','0','Brian0049','Angela0774',DATE'2020-03-25',DATE'2019-07-17');
Insert into SPRING23_S003_7_LISTING Values ('4588014','Furniture','Floor stay occur.','783','0','Brian0049','Holly3028',DATE'2019-09-03',DATE'2019-01-25');
Insert into SPRING23_S003_7_LISTING Values ('3248102','Furniture','Page begin both despite.','374','0','Anne5662','Ariel0584',DATE'2021-07-03',DATE'2020-06-16');
Insert into SPRING23_S003_7_LISTING Values ('1423464','Furniture','Only become eight consider anyone above book.','488','0','Anne5662','Matthew5226',DATE'2020-01-28',DATE'2020-01-17');
Insert into SPRING23_S003_7_LISTING Values ('5994650','Kitchen','Season quality dark join seem activity write.','238','1','Anne5662','Matthew5226',DATE'2022-12-08',DATE'2022-11-21');
Insert into SPRING23_S003_7_LISTING Values ('7173083','Kitchen','General discover phone moment support treatment state.','101','1','Anne5662','Phyllis3225',DATE'2022-05-08',DATE'2022-04-16');
Insert into SPRING23_S003_7_LISTING Values ('4433181','Furniture','Still explain future.','106','0','Anne5662','Angela0774',DATE'2020-03-25',DATE'2019-07-17');
Insert into SPRING23_S003_7_LISTING Values ('2473445','Furniture','Quickly huge who mother ability kid what.','783','0','Anne5662','Holly3028',DATE'2019-09-03',DATE'2019-01-25');
Insert into SPRING23_S003_7_LISTING Values ('7528300','Lighting','Family college difficult you.','687','3','Anne5662','Richard4404',DATE'2021-08-19',DATE'2021-08-08');
Insert into SPRING23_S003_7_LISTING Values ('6966198','Bedding','Relationship become national national.','451','2','Anne5662','Thomas6139',DATE'2020-03-15',DATE'2020-01-30');
Insert into SPRING23_S003_7_LISTING Values ('5677858','Electronics','Actually important area interesting professional.','639','5','Anne5662','Andrew3923',DATE'2021-03-26',DATE'2021-02-24');
Insert into SPRING23_S003_7_LISTING Values ('5828670','Storage','Dinner much success great.','544','4','Anne5662','Katherine2657',DATE'2021-12-02',DATE'2021-11-09');
Insert into SPRING23_S003_7_LISTING Values ('4496652','Bedding','Nice paper seem religious turn focus.','622','2','Anne5662','Joshua1826',DATE'2021-05-14',DATE'2019-05-25');
Insert into SPRING23_S003_7_LISTING Values ('1288316','Electronics','Cup exactly particular realize including get.','368','5','Anne5662','Matthew5226',DATE'2020-11-21',DATE'2020-10-25');
Insert into SPRING23_S003_7_LISTING Values ('2840379','Lighting','Magazine economy police together how environment not.','175','3','Anne5662','Chloe4828',DATE'2022-03-19',DATE'2022-02-27');
Insert into SPRING23_S003_7_LISTING Values ('3965587','Furniture','Black growth explain mouth.','293','0','Anne5662','Jennifer3960',DATE'2021-10-25',DATE'2019-01-06');
Insert into SPRING23_S003_7_LISTING Values ('1660314','Kitchen','Guy develop ball say.','515','1','Anne5662','David8146',DATE'2021-06-10',DATE'2019-04-03');
Insert into SPRING23_S003_7_LISTING Values ('6048063','Bedding','Growth through son not likely.','606','2','Anne5662','Beverly2602',DATE'2021-09-17',DATE'2021-09-02');
Insert into SPRING23_S003_7_LISTING Values ('7115586','Kitchen','Room carry cultural suddenly level decide test.','649','1','Anne5662','Jeff6377',DATE'2021-08-02',DATE'2021-07-22');
Insert into SPRING23_S003_7_LISTING Values ('5661932','Furniture','High save military able writer.','237','0','Anne5662','Cassandra6746',DATE'2020-09-16',DATE'2019-01-26');
Insert into SPRING23_S003_7_LISTING Values ('7265453','Bedding','Year give area collection cell social.','801','2','Anne5662','Mason3504',DATE'2022-07-22',DATE'2022-06-29');
Insert into SPRING23_S003_7_LISTING Values ('7675380','Furniture','Race off rich top save society million.','211','0','Anne5662','Linda8003',DATE'2022-07-13',DATE'2020-12-16');
Insert into SPRING23_S003_7_LISTING Values ('726748','Furniture','Field college Mrs few result play thing.','543','0','Anne5662','Michelle4908',DATE'2021-02-12',DATE'2021-01-31');
Insert into SPRING23_S003_7_LISTING Values ('1189520','Storage','Inside nature good live figure.','810','4','Anne5662','Aaron6289',DATE'2022-08-06',DATE'2020-10-04');
Insert into SPRING23_S003_7_LISTING Values ('1680171','Lighting','Camera door hour statement family away statement PM.','133','3','Anne5662','Jim9833',DATE'2020-12-14',DATE'2020-12-04');
Insert into SPRING23_S003_7_LISTING Values ('3558590','Electronics','Specific design class open.','751','5','Anne5662','Jim9833',DATE'2020-04-25',DATE'2019-04-28');
Insert into SPRING23_S003_7_LISTING Values ('6222071','Bedding','Operation figure significant feel across simply.','784','2','Anne5662','Stephanie2811',DATE'2022-07-09',DATE'2022-06-28');
Insert into SPRING23_S003_7_LISTING Values ('1765345','Storage','Join set top.','496','4','Anne5662','Corey8349',DATE'2021-02-03',DATE'2019-09-27');
Insert into SPRING23_S003_7_LISTING Values ('45052','Furniture','Professional north land soldier issue about.','374','0','Miss6084','Ariel0584',DATE'2021-07-03',DATE'2020-06-16');
Insert into SPRING23_S003_7_LISTING Values ('8259987','Furniture','Himself space western job many ever.','488','0','Miss6084','Matthew5226',DATE'2020-11-28',DATE'2020-11-17');
Insert into SPRING23_S003_7_LISTING Values ('955279','Kitchen','Society during population reality arm certain special.','238','1','Miss6084','Matthew5226',DATE'2022-12-08',DATE'2022-11-21');
Insert into SPRING23_S003_7_LISTING Values ('783427','Kitchen','Blue shake simple measure wear.','101','1','Miss6084','Phyllis3225',DATE'2022-05-08',DATE'2022-04-16');
Insert into SPRING23_S003_7_LISTING Values ('787935','Furniture','Such even anything list.','106','0','Miss6084','Angela0774',DATE'2020-03-25',DATE'2019-07-17');
Insert into SPRING23_S003_7_LISTING Values ('1314071','Furniture','Voice crime capital social.','783','0','Miss6084','Holly3028',DATE'2019-09-03',DATE'2019-01-25');
Insert into SPRING23_S003_7_LISTING Values ('1393806','Lighting','Significant turn none.','687','3','Miss6084','Richard4404',DATE'2021-08-19',DATE'2021-08-08');
Insert into SPRING23_S003_7_LISTING Values ('5399250','Bedding','Be growth dinner likely simply when grow man.','451','2','Miss6084','Thomas6139',DATE'2020-03-15',DATE'2020-01-30');
Insert into SPRING23_S003_7_LISTING Values ('6938263','Electronics','Into last tax investment.','639','5','Miss6084','Andrew3923',DATE'2021-03-26',DATE'2021-02-24');
Insert into SPRING23_S003_7_LISTING Values ('8760008','Storage','Perform on too site message although performance.','544','4','Miss6084','Katherine2657',DATE'2021-12-02',DATE'2021-11-09');
Insert into SPRING23_S003_7_LISTING Values ('7009337','Bedding','Especially spring how hold defense order actually.','622','2','Miss6084','Joshua1826',DATE'2021-05-14',DATE'2019-05-25');
Insert into SPRING23_S003_7_LISTING Values ('1903839','Electronics','Job white space later possible throughout.','368','5','Miss6084','Matthew5226',DATE'2020-11-21',DATE'2020-10-25');
Insert into SPRING23_S003_7_LISTING Values ('868917','Lighting','Education position put attention computer knowledge.','175','3','Miss6084','Chloe4828',DATE'2022-03-19',DATE'2022-02-27');
Insert into SPRING23_S003_7_LISTING Values ('5679629','Furniture','Training body southern even.','293','0','Miss6084','Jennifer3960',DATE'2021-10-25',DATE'2019-01-06');
Insert into SPRING23_S003_7_LISTING Values ('2951858','Kitchen','International check sound.','515','1','Miss6084','David8146',DATE'2021-06-10',DATE'2019-04-03');
Insert into SPRING23_S003_7_LISTING Values ('1322721','Bedding','Performance word check determine.','606','2','Miss6084','Beverly2602',DATE'2021-09-17',DATE'2021-09-02');
Insert into SPRING23_S003_7_LISTING Values ('6691364','Kitchen','Attention resource blood international size before.','649','1','Miss6084','Jeff6377',DATE'2021-08-02',DATE'2021-07-22');
Insert into SPRING23_S003_7_LISTING Values ('5037181','Furniture','Especially ability although use for travel according although.','237','0','Miss6084','Cassandra6746',DATE'2020-09-16',DATE'2019-01-26');
Insert into SPRING23_S003_7_LISTING Values ('4805497','Bedding','Employee fear laugh certainly.','801','2','Miss6084','Mason3504',DATE'2022-07-22',DATE'2022-06-29');
Insert into SPRING23_S003_7_LISTING Values ('3001856','Furniture','Meeting second well surface issue ever event.','211','0','Miss6084','Linda8003',DATE'2022-07-13',DATE'2020-12-16');
Insert into SPRING23_S003_7_LISTING Values ('3765448','Furniture','Can son certainly page sit business view sister.','543','0','Miss6084','Michelle4908',DATE'2021-02-12',DATE'2021-01-31');
Insert into SPRING23_S003_7_LISTING Values ('3186588','Storage','Leg together coach trip.','810','4','Miss6084','Aaron6289',DATE'2022-08-06',DATE'2020-10-04');
Insert into SPRING23_S003_7_LISTING Values ('7924561','Lighting','Even yes think dark property of answer real.','133','3','Miss6084','Jim9833',DATE'2020-12-14',DATE'2020-12-04');
Insert into SPRING23_S003_7_LISTING Values ('631937','Electronics','Step woman day add we career like.','751','5','Miss6084','Jim9833',DATE'2020-04-25',DATE'2019-04-28');
Insert into SPRING23_S003_7_LISTING Values ('5985766','Bedding','To finally option kind.','784','2','Miss6084','Stephanie2811',DATE'2022-07-09',DATE'2022-06-28');
Insert into SPRING23_S003_7_LISTING Values ('6179312','Storage','Research religious stuff feel conference popular.','496','4','Miss6084','Corey8349',DATE'2021-02-03',DATE'2019-09-27');
Insert into SPRING23_S003_7_LISTING Values ('2607530','Bedding','Job section piece.','894','2','Miss6084','Heather5872',DATE'2022-11-07',DATE'2019-08-21');
Insert into SPRING23_S003_7_LISTING Values ('6616362','Furniture','Admit fine not seat.','374','0','Amy7389','Ariel0584',DATE'2021-07-03',DATE'2020-06-16');
Insert into SPRING23_S003_7_LISTING Values ('8115527','Furniture','Claim mother class room wear.','488','0','Amy7389','Matthew5226',DATE'2020-11-28',DATE'2020-11-17');
Insert into SPRING23_S003_7_LISTING Values ('7707278','Furniture','Dog impact meeting response leave.','374','0','Brian6416','Ariel0584',DATE'2021-07-03',DATE'2020-06-16');
Insert into SPRING23_S003_7_LISTING Values ('2089276','Furniture','Discussion world try over discuss.','488','0','Brian6416','Matthew5226',DATE'2020-11-28',DATE'2020-11-17');
Insert into SPRING23_S003_7_LISTING Values ('4001353','Kitchen','Because view usually.','238','1','Brian6416','Matthew5226',DATE'2022-12-08',DATE'2022-11-21');
Insert into SPRING23_S003_7_LISTING Values ('7423805','Kitchen','Marriage grow move service issue.','101','1','Brian6416','Phyllis3225',DATE'2022-05-08',DATE'2022-04-16');
Insert into SPRING23_S003_7_LISTING Values ('5813800','Furniture','Strategy if probably arm community.','106','0','Brian6416','Angela0774',DATE'2020-03-25',DATE'2019-07-17');
Insert into SPRING23_S003_7_LISTING Values ('7031525','Furniture','Him including respond whatever chance blue nature.','783','0','Brian6416','Holly3028',DATE'2019-09-03',DATE'2019-01-25');
Insert into SPRING23_S003_7_LISTING Values ('5921159','Lighting','Final home something ability.','687','3','Brian6416','Richard4404',DATE'2021-08-19',DATE'2021-08-08');
Insert into SPRING23_S003_7_LISTING Values ('3378315','Furniture','Particularly study science statement maintain outside wind.','374','0','Kimberly7025','Ariel0584',DATE'2021-07-03',DATE'2020-06-16');
Insert into SPRING23_S003_7_LISTING Values ('418761','Furniture','Star one college five light smile.','374','0','Russell7531','Ariel0584',DATE'2021-07-03',DATE'2020-06-16');
Insert into SPRING23_S003_7_LISTING Values ('3544587','Furniture','Republican seat easy short service late.','488','0','Russell7531','Matthew5226',DATE'2020-11-28',DATE'2020-11-17');
Insert into SPRING23_S003_7_LISTING Values ('5464147','Kitchen','Thought information imagine such plan everything price.','238','1','Russell7531','Matthew5226',DATE'2022-12-08',DATE'2022-11-21');
Insert into SPRING23_S003_7_LISTING Values ('373501','Furniture','Do discover indeed book affect type.','374','0','Renee5028','Ariel0584',DATE'2021-07-03',DATE'2020-06-16');
Insert into SPRING23_S003_7_LISTING Values ('5356183','Furniture','Imagine onto that through.','488','0','Renee5028','Matthew5226',DATE'2020-11-28',DATE'2020-11-17');
Insert into SPRING23_S003_7_LISTING Values ('2238759','Kitchen','House single your.','238','1','Renee5028','Matthew5226',DATE'2022-12-08',DATE'2022-11-21');
Insert into SPRING23_S003_7_LISTING Values ('7527058','Kitchen','Natural involve cost this send.','101','1','Renee5028','Phyllis3225',DATE'2022-05-08',DATE'2022-04-16');
Insert into SPRING23_S003_7_LISTING Values ('770606','Furniture','Mean radio current star future our.','106','0','Renee5028','Angela0774',DATE'2020-03-25',DATE'2019-07-17');
Insert into SPRING23_S003_7_LISTING Values ('6305355','Furniture','Doctor out PM general game camera.','374','0','Rebecca7229','Ariel0584',DATE'2021-07-03',DATE'2020-06-16');
Insert into SPRING23_S003_7_LISTING Values ('3435225','Furniture','Discuss still likely big participant improve factor.','488','0','Rebecca7229','Matthew5226',DATE'2020-11-28',DATE'2020-11-17');
Insert into SPRING23_S003_7_LISTING Values ('7329760','Kitchen','Science story again upon deal radio.','238','1','Rebecca7229','Matthew5226',DATE'2022-12-08',DATE'2022-11-21');
Insert into SPRING23_S003_7_LISTING Values ('6350147','Kitchen','Scene guess billion fill.','101','1','Rebecca7229','Phyllis3225',DATE'2022-05-08',DATE'2022-04-16');
Insert into SPRING23_S003_7_LISTING Values ('2816911','Furniture','Lose second offer customer listen least.','106','0','Rebecca7229','Angela0774',DATE'2020-03-25',DATE'2019-07-17');
Insert into SPRING23_S003_7_LISTING Values ('4167494','Furniture','Especially order writer go understand sit.','783','0','Rebecca7229','Holly3028',DATE'2019-09-03',DATE'2019-01-25');
Insert into SPRING23_S003_7_LISTING Values ('7458039','Furniture','Special speech system computer hard card bring.','374','0','Robert1250','Ariel0584',DATE'2021-07-03',DATE'2020-06-16');
Insert into SPRING23_S003_7_LISTING Values ('3414','Furniture','Example pass necessary play real article others.','488','0','Robert1250','Matthew5226',DATE'2020-11-28',DATE'2020-11-17');
Insert into SPRING23_S003_7_LISTING Values ('697524','Kitchen','Close agreement not.','238','1','Robert1250','Matthew5226',DATE'2022-12-08',DATE'2022-11-21');
Insert into SPRING23_S003_7_LISTING Values ('4667332','Kitchen','Girl its however should your.','101','1','Robert1250','Phyllis3225',DATE'2022-05-08',DATE'2022-04-16');
Insert into SPRING23_S003_7_LISTING Values ('4494513','Furniture','Writer thing argue owner.','106','0','Robert1250','Angela0774',DATE'2020-03-25',DATE'2019-07-17');
Insert into SPRING23_S003_7_LISTING Values ('5477153','Furniture','Reach amount hair everyone.','374','0','Todd3397','Ariel0584',DATE'2021-07-03',DATE'2020-06-16');
Insert into SPRING23_S003_7_LISTING Values ('6021847','Furniture','Behind dinner prepare.','488','0','Todd3397','Matthew5226',DATE'2020-11-28',DATE'2020-11-17');
Insert into SPRING23_S003_7_LISTING Values ('4510735','Kitchen','Whose such address glass.','238','1','Todd3397','Matthew5226',DATE'2022-12-08',DATE'2022-11-21');
Insert into SPRING23_S003_7_LISTING Values ('8288074','Kitchen','Us pull occur general resource.','101','1','Todd3397','Phyllis3225',DATE'2022-05-08',DATE'2022-04-16');
Insert into SPRING23_S003_7_LISTING Values ('3832561','Furniture','Since own trade test building.','106','0','Todd3397','Angela0774',DATE'2020-03-25',DATE'2019-07-17');
Insert into SPRING23_S003_7_LISTING Values ('5332543','Furniture','Store protect ahead budget.','783','0','Todd3397','Holly3028',DATE'2019-09-03',DATE'2019-01-25');
Insert into SPRING23_S003_7_LISTING Values ('4195831','Lighting','Shoulder night find occur still war service.','687','3','Todd3397','Richard4404',DATE'2021-08-19',DATE'2021-08-08');
Insert into SPRING23_S003_7_LISTING Values ('3900398','Bedding','Company stuff once.','451','2','Todd3397','Thomas6139',DATE'2020-03-15',DATE'2020-01-30');
Insert into SPRING23_S003_7_LISTING Values ('4395455','Electronics','Or hour alone agency.','639','5','Todd3397','Andrew3923',DATE'2021-03-26',DATE'2021-02-24');
Insert into SPRING23_S003_7_LISTING Values ('2365563','Storage','Budget garden talk generation.','544','4','Todd3397','Katherine2657',DATE'2021-12-02',DATE'2021-11-09');
Insert into SPRING23_S003_7_LISTING Values ('4366825','Bedding','Condition race positive buy where.','622','2','Todd3397','Joshua1826',DATE'2021-05-14',DATE'2019-05-25');
Insert into SPRING23_S003_7_LISTING Values ('799507','Electronics','Very fast middle like worker.','368','5','Todd3397','Matthew5226',DATE'2020-11-21',DATE'2020-10-25');
Insert into SPRING23_S003_7_LISTING Values ('8079074','Lighting','We because skin stuff affect yourself.','175','3','Todd3397','Chloe4828',DATE'2022-03-19',DATE'2022-02-27');
Insert into SPRING23_S003_7_LISTING Values ('8636391','Furniture','List very personal even push.','293','0','Todd3397','Jennifer3960',DATE'2021-10-25',DATE'2019-01-06');
Insert into SPRING23_S003_7_LISTING Values ('5881592','Kitchen','Reality investment design white network provide.','515','1','Todd3397','David8146',DATE'2021-06-10',DATE'2019-04-03');
Insert into SPRING23_S003_7_LISTING Values ('5399075','Bedding','Matter there car.','606','2','Todd3397','Beverly2602',DATE'2021-09-17',DATE'2021-09-02');
Insert into SPRING23_S003_7_LISTING Values ('3357128','Kitchen','Resource foot oil marriage itself.','649','1','Todd3397','Jeff6377',DATE'2021-08-02',DATE'2021-07-22');
Insert into SPRING23_S003_7_LISTING Values ('2562870','Furniture','Soldier hair race spend.','237','0','Todd3397','Cassandra6746',DATE'2020-09-16',DATE'2019-01-26');
Insert into SPRING23_S003_7_LISTING Values ('4597035','Bedding','Like particularly heavy.','801','2','Todd3397','Mason3504',DATE'2022-07-22',DATE'2022-06-29');
Insert into SPRING23_S003_7_LISTING Values ('4577342','Furniture','Evidence cup feeling range and.','374','0','John6488','Ariel0584',DATE'2021-07-03',DATE'2020-06-16');
Insert into SPRING23_S003_7_LISTING Values ('3292517','Furniture','Stage relationship available seem already executive.','488','0','John6488','Matthew5226',DATE'2020-11-28',DATE'2020-11-17');
Insert into SPRING23_S003_7_LISTING Values ('8887274','Kitchen','Toward reason establish station bit reveal.','238','1','John6488','Matthew5226',DATE'2022-12-08',DATE'2022-11-21');
Insert into SPRING23_S003_7_LISTING Values ('8052292','Kitchen','Daughter gun degree he whom position.','101','1','John6488','Phyllis3225',DATE'2022-05-08',DATE'2022-04-16');
Insert into SPRING23_S003_7_LISTING Values ('7623419','Furniture','Allow us product guess test three.','106','0','John6488','Angela0774',DATE'2020-03-25',DATE'2019-07-17');
Insert into SPRING23_S003_7_LISTING Values ('6330050','Furniture','Line thing entire record loss.','783','0','John6488','Holly3028',DATE'2019-09-03',DATE'2019-01-25');
Insert into SPRING23_S003_7_LISTING Values ('5273678','Lighting','Seem true could almost cup garden receive.','687','3','John6488','Richard4404',DATE'2021-08-19',DATE'2021-08-08');
Insert into SPRING23_S003_7_LISTING Values ('1691164','Bedding','Life beyond listen goal rest seem.','451','2','John6488','Thomas6139',DATE'2020-03-15',DATE'2020-01-30');
Insert into SPRING23_S003_7_LISTING Values ('5080768','Electronics','Situation Mrs sister visit offer group.','639','5','John6488','Andrew3923',DATE'2021-03-26',DATE'2021-02-24');
Insert into SPRING23_S003_7_LISTING Values ('7544222','Storage','Realize stage very foot.','544','4','John6488','Katherine2657',DATE'2021-12-02',DATE'2021-11-09');
Insert into SPRING23_S003_7_LISTING Values ('1412021','Bedding','Popular summer police administration kid century security rock.','622','2','John6488','Joshua1826',DATE'2021-05-14',DATE'2019-05-25');
Insert into SPRING23_S003_7_LISTING Values ('1646067','Electronics','Drive language side nation clearly.','368','5','John6488','Matthew5226',DATE'2020-11-21',DATE'2020-10-25');
Insert into SPRING23_S003_7_LISTING Values ('4907949','Lighting','Provide career century imagine fine as.','175','3','John6488','Chloe4828',DATE'2022-03-19',DATE'2022-02-27');
Insert into SPRING23_S003_7_LISTING Values ('2406092','Furniture','Young vote town.','293','0','John6488','Jennifer3960',DATE'2021-10-25',DATE'2019-01-06');
Insert into SPRING23_S003_7_LISTING Values ('2510389','Kitchen','For throw start huge state voice.','515','1','John6488','David8146',DATE'2021-06-10',DATE'2019-04-03');
Insert into SPRING23_S003_7_LISTING Values ('2338638','Bedding','Sure step while activity food pressure stop.','606','2','John6488','Beverly2602',DATE'2021-09-17',DATE'2021-09-02');
Insert into SPRING23_S003_7_LISTING Values ('877778','Kitchen','Even recently watch market success energy American.','649','1','John6488','Jeff6377',DATE'2021-08-02',DATE'2021-07-22');
Insert into SPRING23_S003_7_LISTING Values ('1837334','Furniture','Foreign doctor much product pattern strategy find detail.','237','0','John6488','Cassandra6746',DATE'2020-09-16',DATE'2019-01-26');
Insert into SPRING23_S003_7_LISTING Values ('5686199','Bedding','Return hold include growth.','801','2','John6488','Mason3504',DATE'2022-07-22',DATE'2022-06-29');
Insert into SPRING23_S003_7_LISTING Values ('6436899','Furniture','Program represent coach poor cover along early sign.','211','0','John6488','Linda8003',DATE'2022-07-13',DATE'2020-12-16');
Insert into SPRING23_S003_7_LISTING Values ('2352266','Furniture','Stock tonight brother me consumer.','543','0','John6488','Michelle4908',DATE'2021-02-12',DATE'2021-01-31');
Insert into SPRING23_S003_7_LISTING Values ('3819352','Storage','Somebody star speak expect.','810','4','John6488','Aaron6289',DATE'2022-08-06',DATE'2020-10-04');
Insert into SPRING23_S003_7_LISTING Values ('2130851','Lighting','Political skill drop food through.','133','3','John6488','Jim9833',DATE'2020-12-14',DATE'2020-12-04');
Insert into SPRING23_S003_7_LISTING Values ('2342371','Electronics','Real speak statement loss.','751','5','John6488','Jim9833',DATE'2020-04-25',DATE'2019-04-28');
Insert into SPRING23_S003_7_LISTING Values ('7064124','Bedding','Every late hour avoid drive beat involve.','784','2','John6488','Stephanie2811',DATE'2022-07-09',DATE'2022-06-28');
Insert into SPRING23_S003_7_LISTING Values ('2490939','Storage','Professional least focus loss.','496','4','John6488','Corey8349',DATE'2021-02-03',DATE'2019-09-27');
Insert into SPRING23_S003_7_LISTING Values ('6489464','Bedding','Gas add these stock.','894','2','John6488','Heather5872',DATE'2022-11-07',DATE'2019-08-21');
Insert into SPRING23_S003_7_LISTING Values ('2607609','Bedding','Indicate material actually contain fear.','629','2','John6488','Caleb5756',DATE'2022-04-21',DATE'2022-03-30');
Insert into SPRING23_S003_7_LISTING Values ('2137641','Lighting','Professional about improve will.','163','3','John6488','Derrick0274',DATE'2022-09-30',DATE'2022-09-20');
Insert into SPRING23_S003_7_LISTING Values ('7277622','Furniture','Simple head move theory bring public challenge close.','374','0','Matthew8220','Ariel0584',DATE'2021-07-03',DATE'2020-06-16');
Insert into SPRING23_S003_7_LISTING Values ('7954174','Furniture','Fly staff image build individual kitchen.','374','0','Gary8422','Ariel0584',DATE'2021-07-03',DATE'2020-06-16');
Insert into SPRING23_S003_7_LISTING Values ('5480070','Furniture','Fly project camera agreement.','488','0','Gary8422','Matthew5226',DATE'2020-11-28',DATE'2020-11-17');
Insert into SPRING23_S003_7_LISTING Values ('7358698','Kitchen','Early people key.','238','1','Gary8422','Matthew5226',DATE'2022-12-08',DATE'2022-11-21');
Insert into SPRING23_S003_7_LISTING Values ('1797993','Kitchen','Wrong say tell.','101','1','Gary8422','Phyllis3225',DATE'2022-05-08',DATE'2022-04-16');
Insert into SPRING23_S003_7_LISTING Values ('7290067','Furniture','Military something staff generation push time lay.','106','0','Gary8422','Angela0774',DATE'2020-03-25',DATE'2019-07-17');
Insert into SPRING23_S003_7_LISTING Values ('6465381','Furniture','Choose kind be.','783','0','Gary8422','Holly3028',DATE'2019-09-03',DATE'2019-01-25');
Insert into SPRING23_S003_7_LISTING Values ('1926166','Lighting','Individual before education anyone father bill four.','687','3','Gary8422','Richard4404',DATE'2021-08-19',DATE'2021-08-08');
Insert into SPRING23_S003_7_LISTING Values ('5783630','Bedding','Long room court first section will health.','451','2','Gary8422','Thomas6139',DATE'2020-03-15',DATE'2020-01-30');
Insert into SPRING23_S003_7_LISTING Values ('822738','Electronics','Into my thousand.','639','5','Gary8422','Andrew3923',DATE'2021-03-26',DATE'2021-02-24');
Insert into SPRING23_S003_7_LISTING Values ('1813324','Storage','Meet since real ready summer fine.','544','4','Gary8422','Katherine2657',DATE'2021-12-02',DATE'2021-11-09');
Insert into SPRING23_S003_7_LISTING Values ('7552073','Bedding','Various star team significant.','622','2','Gary8422','Joshua1826',DATE'2021-05-14',DATE'2019-05-25');
Insert into SPRING23_S003_7_LISTING Values ('7072433','Electronics','Any name assume face goal hour write up.','368','5','Gary8422','Matthew5226',DATE'2020-11-21',DATE'2020-10-25');
Insert into SPRING23_S003_7_LISTING Values ('3205086','Lighting','Option several wall game simple remain place anything.','175','3','Gary8422','Chloe4828',DATE'2022-03-19',DATE'2022-02-27');
Insert into SPRING23_S003_7_LISTING Values ('6156550','Furniture','Turn pretty news war.','293','0','Gary8422','Jennifer3960',DATE'2021-10-25',DATE'2019-01-06');
Insert into SPRING23_S003_7_LISTING Values ('4538544','Kitchen','Blood out green such activity end.','515','1','Gary8422','David8146',DATE'2021-06-10',DATE'2019-04-03');
Insert into SPRING23_S003_7_LISTING Values ('3242987','Bedding','Tonight blood letter provide power.','606','2','Gary8422','Beverly2602',DATE'2021-09-17',DATE'2021-09-02');
Insert into SPRING23_S003_7_LISTING Values ('3620361','Kitchen','Interview white on.','649','1','Gary8422','Jeff6377',DATE'2021-08-02',DATE'2021-07-22');
Insert into SPRING23_S003_7_LISTING Values ('1213211','Furniture','Use forget herself religious who same generation.','237','0','Gary8422','Cassandra6746',DATE'2020-09-16',DATE'2019-01-26');
Insert into SPRING23_S003_7_LISTING Values ('5290413','Bedding','Whatever military capital order between everybody.','801','2','Gary8422','Mason3504',DATE'2022-07-22',DATE'2022-06-29');
Insert into SPRING23_S003_7_LISTING Values ('8323331','Furniture','Past myself read foot.','211','0','Gary8422','Linda8003',DATE'2022-07-13',DATE'2020-12-16');
Insert into SPRING23_S003_7_LISTING Values ('8427598','Furniture','Series six into heavy hear.','543','0','Gary8422','Michelle4908',DATE'2021-02-12',DATE'2021-01-31');
Insert into SPRING23_S003_7_LISTING Values ('5425342','Storage','Third question this.','810','4','Gary8422','Aaron6289',DATE'2022-08-06',DATE'2020-10-04');
Insert into SPRING23_S003_7_LISTING Values ('4931894','Lighting','Goal view smile present human there condition his.','133','3','Gary8422','Jim9833',DATE'2020-12-14',DATE'2020-12-04');
Insert into SPRING23_S003_7_LISTING Values ('7019758','Electronics','Difficult argue you energy.','751','5','Gary8422','Jim9833',DATE'2020-04-25',DATE'2019-04-28');
Insert into SPRING23_S003_7_LISTING Values ('6662632','Furniture','Fast federal name concern book investment.','374','0','Alexander2363','Ariel0584',DATE'2021-07-03',DATE'2020-06-16');
Insert into SPRING23_S003_7_LISTING Values ('3724775','Furniture','Wide national president agreement international.','488','0','Alexander2363','Matthew5226',DATE'2020-11-28',DATE'2020-11-17');
Insert into SPRING23_S003_7_LISTING Values ('6685893','Kitchen','Consider forget significant.','238','1','Alexander2363','Matthew5226',DATE'2022-12-08',DATE'2022-11-21');
Insert into SPRING23_S003_7_LISTING Values ('28641','Kitchen','Might issue act rock big.','101','1','Alexander2363','Phyllis3225',DATE'2022-05-08',DATE'2022-04-16');
Insert into SPRING23_S003_7_LISTING Values ('1324331','Furniture','Number image standard from.','106','0','Alexander2363','Angela0774',DATE'2020-03-25',DATE'2019-07-17');
Insert into SPRING23_S003_7_LISTING Values ('5954041','Furniture','Care real affect century husband also evening.','783','0','Alexander2363','Holly3028',DATE'2019-09-03',DATE'2019-01-25');
Insert into SPRING23_S003_7_LISTING Values ('5280434','Lighting','Author rate state maybe end Democrat sell.','687','3','Alexander2363','Richard4404',DATE'2021-08-19',DATE'2021-08-08');
Insert into SPRING23_S003_7_LISTING Values ('4926735','Bedding','Take treat quality among page than edge Republican.','451','2','Alexander2363','Thomas6139',DATE'2020-03-15',DATE'2020-01-30');
Insert into SPRING23_S003_7_LISTING Values ('2655220','Electronics','Result forward like section present.','639','5','Alexander2363','Andrew3923',DATE'2021-03-26',DATE'2021-02-24');
Insert into SPRING23_S003_7_LISTING Values ('147330','Storage','Administration arrive shake air federal film.','544','4','Alexander2363','Katherine2657',DATE'2021-12-02',DATE'2021-11-09');
Insert into SPRING23_S003_7_LISTING Values ('5352165','Bedding','Air care about hot baby individual.','622','2','Alexander2363','Joshua1826',DATE'2021-05-14',DATE'2019-05-25');
Insert into SPRING23_S003_7_LISTING Values ('6871633','Electronics','Book measure property main prevent.','368','5','Alexander2363','Matthew5226',DATE'2020-11-21',DATE'2020-10-25');
Insert into SPRING23_S003_7_LISTING Values ('5112726','Lighting','Management of company however professor.','175','3','Alexander2363','Chloe4828',DATE'2022-03-19',DATE'2022-02-27');
Insert into SPRING23_S003_7_LISTING Values ('7478164','Furniture','Rich fill however.','293','0','Alexander2363','Jennifer3960',DATE'2021-10-25',DATE'2019-01-06');
Insert into SPRING23_S003_7_LISTING Values ('262443','Kitchen','Meet each marriage method term opportunity message.','515','1','Alexander2363','David8146',DATE'2021-06-10',DATE'2019-04-03');
Insert into SPRING23_S003_7_LISTING Values ('6728726','Bedding','Race field method bank worker.','606','2','Alexander2363','Beverly2602',DATE'2021-09-17',DATE'2021-09-02');
Insert into SPRING23_S003_7_LISTING Values ('2145129','Kitchen','Industry former ask prevent.','649','1','Alexander2363','Jeff6377',DATE'2021-08-02',DATE'2021-07-22');
Insert into SPRING23_S003_7_LISTING Values ('6394205','Furniture','Campaign whole somebody line matter.','237','0','Alexander2363','Cassandra6746',DATE'2020-09-16',DATE'2019-01-26');
Insert into SPRING23_S003_7_LISTING Values ('4149429','Bedding','Economy about question.','801','2','Alexander2363','Mason3504',DATE'2022-07-22',DATE'2022-06-29');
Insert into SPRING23_S003_7_LISTING Values ('5315184','Furniture','Forget identify control itself great use.','211','0','Alexander2363','Linda8003',DATE'2022-07-13',DATE'2020-12-16');
Insert into SPRING23_S003_7_LISTING Values ('8352222','Furniture','Road a act community major guy.','543','0','Alexander2363','Michelle4908',DATE'2021-02-12',DATE'2021-01-31');
Insert into SPRING23_S003_7_LISTING Values ('825639','Storage','Poor present quite across medical year focus.','810','4','Alexander2363','Aaron6289',DATE'2022-08-06',DATE'2020-10-04');
Insert into SPRING23_S003_7_LISTING Values ('289111','Lighting','Hit husband region news one allow.','133','3','Alexander2363','Jim9833',DATE'2020-12-14',DATE'2020-12-04');
Insert into SPRING23_S003_7_LISTING Values ('990169','Electronics','Region notice leg child measure him glass.','751','5','Alexander2363','Jim9833',DATE'2020-04-25',DATE'2019-04-28');
Insert into SPRING23_S003_7_LISTING Values ('1751896','Bedding','Know station near.','784','2','Alexander2363','Stephanie2811',DATE'2022-07-09',DATE'2022-06-28');


Insert into SPRING23_S003_7_LISTING_PHOTOS Values ('7906415','gjpohjqcdo.jpg');
Insert into SPRING23_S003_7_LISTING_PHOTOS Values ('149342','trrizgqcum.jpg');
Insert into SPRING23_S003_7_LISTING_PHOTOS Values ('8316492','nzzodbsnyu.jpg');
Insert into SPRING23_S003_7_LISTING_PHOTOS Values ('7311133','nqlepegghb.jpg');
Insert into SPRING23_S003_7_LISTING_PHOTOS Values ('5711051','hgcmaanukr.jpg');
Insert into SPRING23_S003_7_LISTING_PHOTOS Values ('1445885','abhxnwjfjd.jpg');
Insert into SPRING23_S003_7_LISTING_PHOTOS Values ('7750275','jvukgqaxlz.jpg');
Insert into SPRING23_S003_7_LISTING_PHOTOS Values ('186581','eohnhqvnmr.jpg');
Insert into SPRING23_S003_7_LISTING_PHOTOS Values ('1938545','gmcpbjepxx.jpg');
Insert into SPRING23_S003_7_LISTING_PHOTOS Values ('2550472','dedolrtaoq.jpg');
Insert into SPRING23_S003_7_LISTING_PHOTOS Values ('3602762','ljlgmbdqyd.jpg');
Insert into SPRING23_S003_7_LISTING_PHOTOS Values ('4332044','svkxcyvgmf.jpg');
Insert into SPRING23_S003_7_LISTING_PHOTOS Values ('677628','nepeafzzck.jpg');
Insert into SPRING23_S003_7_LISTING_PHOTOS Values ('3944633','bdehongvmb.jpg');
Insert into SPRING23_S003_7_LISTING_PHOTOS Values ('2807131','bedowcevbl.jpg');
Insert into SPRING23_S003_7_LISTING_PHOTOS Values ('6892671','ozghhznkve.jpg');
Insert into SPRING23_S003_7_LISTING_PHOTOS Values ('7661531','cvajkvmlzh.jpg');
Insert into SPRING23_S003_7_LISTING_PHOTOS Values ('8261368','bbrcdhjher.jpg');
Insert into SPRING23_S003_7_LISTING_PHOTOS Values ('8040020','zaztyurinr.jpg');
Insert into SPRING23_S003_7_LISTING_PHOTOS Values ('8214319','lluenbtjlk.jpg');
Insert into SPRING23_S003_7_LISTING_PHOTOS Values ('2618041','wazlqyaujc.jpg');
Insert into SPRING23_S003_7_LISTING_PHOTOS Values ('3646675','mxftkodxtx.jpg');
Insert into SPRING23_S003_7_LISTING_PHOTOS Values ('6919308','rgmuvcggxl.jpg');
Insert into SPRING23_S003_7_LISTING_PHOTOS Values ('1887628','nypjurrfma.jpg');
Insert into SPRING23_S003_7_LISTING_PHOTOS Values ('2356853','ixayuvfygl.jpg');
Insert into SPRING23_S003_7_LISTING_PHOTOS Values ('5974936','fdewtdidcl.jpg');
Insert into SPRING23_S003_7_LISTING_PHOTOS Values ('2537158','bileinctiq.jpg');
Insert into SPRING23_S003_7_LISTING_PHOTOS Values ('6134311','zrdvrdkjzz.jpg');
Insert into SPRING23_S003_7_LISTING_PHOTOS Values ('3383442','uyvjohacdt.jpg');
Insert into SPRING23_S003_7_LISTING_PHOTOS Values ('1998500','dyomlvfema.jpg');
Insert into SPRING23_S003_7_LISTING_PHOTOS Values ('8505483','nghaznezcf.jpg');
Insert into SPRING23_S003_7_LISTING_PHOTOS Values ('5317082','rinfymjcad.jpg');
Insert into SPRING23_S003_7_LISTING_PHOTOS Values ('3262865','zsmisbuvrw.jpg');
Insert into SPRING23_S003_7_LISTING_PHOTOS Values ('6174966','gjjtrzvkav.jpg');
Insert into SPRING23_S003_7_LISTING_PHOTOS Values ('6835112','ejjgngpbnc.jpg');
Insert into SPRING23_S003_7_LISTING_PHOTOS Values ('6836596','zzefvbrhco.jpg');
Insert into SPRING23_S003_7_LISTING_PHOTOS Values ('2680586','sgmswnwrlc.jpg');
Insert into SPRING23_S003_7_LISTING_PHOTOS Values ('4578170','gcobrjwagv.jpg');
Insert into SPRING23_S003_7_LISTING_PHOTOS Values ('3886004','beuqdwbnzx.jpg');
Insert into SPRING23_S003_7_LISTING_PHOTOS Values ('3966516','ptmkvfuvmn.jpg');
Insert into SPRING23_S003_7_LISTING_PHOTOS Values ('6350733','vvdcbgevzu.jpg');
Insert into SPRING23_S003_7_LISTING_PHOTOS Values ('3766337','ezwvsjlqnw.jpg');
Insert into SPRING23_S003_7_LISTING_PHOTOS Values ('2710005','ijnfrqvrca.jpg');
Insert into SPRING23_S003_7_LISTING_PHOTOS Values ('8132898','stweqytvtd.jpg');
Insert into SPRING23_S003_7_LISTING_PHOTOS Values ('5758967','ouhuzrpalj.jpg');
Insert into SPRING23_S003_7_LISTING_PHOTOS Values ('3736647','zyoluxjrys.jpg');
Insert into SPRING23_S003_7_LISTING_PHOTOS Values ('3011372','suzkgfblbs.jpg');
Insert into SPRING23_S003_7_LISTING_PHOTOS Values ('2296592','dpzlynvfdv.jpg');
Insert into SPRING23_S003_7_LISTING_PHOTOS Values ('4488763','tchsmeqvwd.jpg');
Insert into SPRING23_S003_7_LISTING_PHOTOS Values ('3888711','ypqyhuzqpk.jpg');
Insert into SPRING23_S003_7_LISTING_PHOTOS Values ('2534812','ktunzyuikv.jpg');
Insert into SPRING23_S003_7_LISTING_PHOTOS Values ('4588014','pfhdxwbwqw.jpg');
Insert into SPRING23_S003_7_LISTING_PHOTOS Values ('3248102','yelbeezufv.jpg');
Insert into SPRING23_S003_7_LISTING_PHOTOS Values ('1423464','vmxzfyrhqu.jpg');
Insert into SPRING23_S003_7_LISTING_PHOTOS Values ('5994650','fypqvapeil.jpg');
Insert into SPRING23_S003_7_LISTING_PHOTOS Values ('7173083','vquohcnxpm.jpg');
Insert into SPRING23_S003_7_LISTING_PHOTOS Values ('4433181','kbunnwckoo.jpg');
Insert into SPRING23_S003_7_LISTING_PHOTOS Values ('2473445','adbwllkyhw.jpg');
Insert into SPRING23_S003_7_LISTING_PHOTOS Values ('7528300','rwvrpxyswk.jpg');
Insert into SPRING23_S003_7_LISTING_PHOTOS Values ('6966198','vhbfeuogvp.jpg');
Insert into SPRING23_S003_7_LISTING_PHOTOS Values ('5677858','nualueilrj.jpg');
Insert into SPRING23_S003_7_LISTING_PHOTOS Values ('5828670','vclgzbdreq.jpg');
Insert into SPRING23_S003_7_LISTING_PHOTOS Values ('4496652','atpqnmwpcz.jpg');
Insert into SPRING23_S003_7_LISTING_PHOTOS Values ('1288316','gflhkwnxpd.jpg');
Insert into SPRING23_S003_7_LISTING_PHOTOS Values ('2840379','mclqmdgicw.jpg');
Insert into SPRING23_S003_7_LISTING_PHOTOS Values ('3965587','dlfgccnuuo.jpg');
Insert into SPRING23_S003_7_LISTING_PHOTOS Values ('1660314','xnowbnbdjq.jpg');
Insert into SPRING23_S003_7_LISTING_PHOTOS Values ('6048063','mmxkllcktf.jpg');
Insert into SPRING23_S003_7_LISTING_PHOTOS Values ('7115586','daomqkbgzj.jpg');
Insert into SPRING23_S003_7_LISTING_PHOTOS Values ('5661932','kwjektplhr.jpg');
Insert into SPRING23_S003_7_LISTING_PHOTOS Values ('7265453','ybtpegkhwp.jpg');
Insert into SPRING23_S003_7_LISTING_PHOTOS Values ('7675380','rhjyfgopzk.jpg');
Insert into SPRING23_S003_7_LISTING_PHOTOS Values ('726748','puoozinxjc.jpg');
Insert into SPRING23_S003_7_LISTING_PHOTOS Values ('1189520','umodtkmsst.jpg');
Insert into SPRING23_S003_7_LISTING_PHOTOS Values ('1680171','qehybfwnzq.jpg');
Insert into SPRING23_S003_7_LISTING_PHOTOS Values ('3558590','ovtithyjfq.jpg');
Insert into SPRING23_S003_7_LISTING_PHOTOS Values ('6222071','hwnzxcsmrc.jpg');
Insert into SPRING23_S003_7_LISTING_PHOTOS Values ('1765345','lowueflwse.jpg');
Insert into SPRING23_S003_7_LISTING_PHOTOS Values ('45052','ezjnefoith.jpg');
Insert into SPRING23_S003_7_LISTING_PHOTOS Values ('8259987','tgjgstbyjy.jpg');
Insert into SPRING23_S003_7_LISTING_PHOTOS Values ('955279','gtoaffyktv.jpg');
Insert into SPRING23_S003_7_LISTING_PHOTOS Values ('783427','zfkbdhblgc.jpg');
Insert into SPRING23_S003_7_LISTING_PHOTOS Values ('787935','fonfdrqbtv.jpg');
Insert into SPRING23_S003_7_LISTING_PHOTOS Values ('1314071','hudnehvjfo.jpg');
Insert into SPRING23_S003_7_LISTING_PHOTOS Values ('1393806','yeslxmatpj.jpg');
Insert into SPRING23_S003_7_LISTING_PHOTOS Values ('5399250','nnxtfseghj.jpg');
Insert into SPRING23_S003_7_LISTING_PHOTOS Values ('6938263','xvzoqevswz.jpg');
Insert into SPRING23_S003_7_LISTING_PHOTOS Values ('8760008','gfqfhpxddj.jpg');
Insert into SPRING23_S003_7_LISTING_PHOTOS Values ('7009337','ufwapxyuvm.jpg');
Insert into SPRING23_S003_7_LISTING_PHOTOS Values ('1903839','hruzhztnwc.jpg');
Insert into SPRING23_S003_7_LISTING_PHOTOS Values ('868917','ziirjihetg.jpg');
Insert into SPRING23_S003_7_LISTING_PHOTOS Values ('5679629','gavwcnqjpc.jpg');
Insert into SPRING23_S003_7_LISTING_PHOTOS Values ('2951858','fokqcnrjdy.jpg');
Insert into SPRING23_S003_7_LISTING_PHOTOS Values ('1322721','ouaeikeozx.jpg');
Insert into SPRING23_S003_7_LISTING_PHOTOS Values ('6691364','xojdwpplld.jpg');
Insert into SPRING23_S003_7_LISTING_PHOTOS Values ('5037181','hlwiisqcda.jpg');
Insert into SPRING23_S003_7_LISTING_PHOTOS Values ('4805497','uwlloomefh.jpg');
Insert into SPRING23_S003_7_LISTING_PHOTOS Values ('3001856','fuvkgxoyey.jpg');
Insert into SPRING23_S003_7_LISTING_PHOTOS Values ('3765448','vrhxznlmfi.jpg');
Insert into SPRING23_S003_7_LISTING_PHOTOS Values ('3186588','slymrwnvua.jpg');
Insert into SPRING23_S003_7_LISTING_PHOTOS Values ('7924561','whphvthetl.jpg');
Insert into SPRING23_S003_7_LISTING_PHOTOS Values ('631937','ozwtkwauok.jpg');
Insert into SPRING23_S003_7_LISTING_PHOTOS Values ('5985766','ovbhaiezif.jpg');
Insert into SPRING23_S003_7_LISTING_PHOTOS Values ('6179312','pfvyufhqef.jpg');
Insert into SPRING23_S003_7_LISTING_PHOTOS Values ('2607530','uizmrpbmsn.jpg');
Insert into SPRING23_S003_7_LISTING_PHOTOS Values ('6616362','izwvkzechx.jpg');
Insert into SPRING23_S003_7_LISTING_PHOTOS Values ('8115527','youjclfniy.jpg');
Insert into SPRING23_S003_7_LISTING_PHOTOS Values ('7707278','orxptbbheo.jpg');
Insert into SPRING23_S003_7_LISTING_PHOTOS Values ('2089276','ynhdqpbttz.jpg');
Insert into SPRING23_S003_7_LISTING_PHOTOS Values ('4001353','leghawccqr.jpg');
Insert into SPRING23_S003_7_LISTING_PHOTOS Values ('7423805','qprupjugkz.jpg');
Insert into SPRING23_S003_7_LISTING_PHOTOS Values ('5813800','mzuugqtggb.jpg');
Insert into SPRING23_S003_7_LISTING_PHOTOS Values ('7031525','vvqgujipje.jpg');
Insert into SPRING23_S003_7_LISTING_PHOTOS Values ('5921159','rmkehecluh.jpg');
Insert into SPRING23_S003_7_LISTING_PHOTOS Values ('3378315','ldtobwyalt.jpg');
Insert into SPRING23_S003_7_LISTING_PHOTOS Values ('418761','ysbutmxyxk.jpg');
Insert into SPRING23_S003_7_LISTING_PHOTOS Values ('3544587','udfugyjunh.jpg');
Insert into SPRING23_S003_7_LISTING_PHOTOS Values ('5464147','osujgskjps.jpg');
Insert into SPRING23_S003_7_LISTING_PHOTOS Values ('373501','wyviuplqsl.jpg');
Insert into SPRING23_S003_7_LISTING_PHOTOS Values ('5356183','fopqcueeun.jpg');
Insert into SPRING23_S003_7_LISTING_PHOTOS Values ('2238759','xbvlmvpugg.jpg');
Insert into SPRING23_S003_7_LISTING_PHOTOS Values ('7527058','kaguhfteih.jpg');
Insert into SPRING23_S003_7_LISTING_PHOTOS Values ('770606','nesqmmxgac.jpg');
Insert into SPRING23_S003_7_LISTING_PHOTOS Values ('6305355','xuswthvfhb.jpg');
Insert into SPRING23_S003_7_LISTING_PHOTOS Values ('3435225','pkkgvmmrcr.jpg');
Insert into SPRING23_S003_7_LISTING_PHOTOS Values ('7329760','juymwfsnfk.jpg');
Insert into SPRING23_S003_7_LISTING_PHOTOS Values ('6350147','hlrxssvbfy.jpg');
Insert into SPRING23_S003_7_LISTING_PHOTOS Values ('2816911','nukyozwdap.jpg');
Insert into SPRING23_S003_7_LISTING_PHOTOS Values ('4167494','atwbmcfwde.jpg');
Insert into SPRING23_S003_7_LISTING_PHOTOS Values ('7458039','kugihgyhoa.jpg');
Insert into SPRING23_S003_7_LISTING_PHOTOS Values ('3414','bcqgpkrewf.jpg');
Insert into SPRING23_S003_7_LISTING_PHOTOS Values ('697524','xpxpsvthdn.jpg');
Insert into SPRING23_S003_7_LISTING_PHOTOS Values ('4667332','docvxlvceo.jpg');
Insert into SPRING23_S003_7_LISTING_PHOTOS Values ('4494513','srhrehhhfc.jpg');
Insert into SPRING23_S003_7_LISTING_PHOTOS Values ('5477153','iytjdhhavi.jpg');
Insert into SPRING23_S003_7_LISTING_PHOTOS Values ('6021847','lldhqjazcw.jpg');
Insert into SPRING23_S003_7_LISTING_PHOTOS Values ('4510735','xwicyvwquz.jpg');
Insert into SPRING23_S003_7_LISTING_PHOTOS Values ('8288074','qmhlkotgrn.jpg');
Insert into SPRING23_S003_7_LISTING_PHOTOS Values ('3832561','pbczybddpm.jpg');
Insert into SPRING23_S003_7_LISTING_PHOTOS Values ('5332543','gqwqwxarxv.jpg');
Insert into SPRING23_S003_7_LISTING_PHOTOS Values ('4195831','glxeewsfts.jpg');
Insert into SPRING23_S003_7_LISTING_PHOTOS Values ('3900398','uwjicoaciq.jpg');
Insert into SPRING23_S003_7_LISTING_PHOTOS Values ('4395455','cinvxzvokd.jpg');
Insert into SPRING23_S003_7_LISTING_PHOTOS Values ('2365563','eoveztrttj.jpg');
Insert into SPRING23_S003_7_LISTING_PHOTOS Values ('4366825','rxrkpuusjf.jpg');
Insert into SPRING23_S003_7_LISTING_PHOTOS Values ('799507','gyhzuokccp.jpg');
Insert into SPRING23_S003_7_LISTING_PHOTOS Values ('8079074','homhwmjkry.jpg');
Insert into SPRING23_S003_7_LISTING_PHOTOS Values ('8636391','rwivrsrxax.jpg');
Insert into SPRING23_S003_7_LISTING_PHOTOS Values ('5881592','qdoveepnev.jpg');
Insert into SPRING23_S003_7_LISTING_PHOTOS Values ('5399075','oxdiezhcdt.jpg');
Insert into SPRING23_S003_7_LISTING_PHOTOS Values ('3357128','sjkekvnjch.jpg');
Insert into SPRING23_S003_7_LISTING_PHOTOS Values ('2562870','sxbqmlnyub.jpg');
Insert into SPRING23_S003_7_LISTING_PHOTOS Values ('4597035','ihjovrgocg.jpg');
Insert into SPRING23_S003_7_LISTING_PHOTOS Values ('4577342','gvfqvjekfj.jpg');
Insert into SPRING23_S003_7_LISTING_PHOTOS Values ('3292517','cmlhnxoyfa.jpg');
Insert into SPRING23_S003_7_LISTING_PHOTOS Values ('8887274','jqtawhonfj.jpg');
Insert into SPRING23_S003_7_LISTING_PHOTOS Values ('8052292','jjyybxhoha.jpg');
Insert into SPRING23_S003_7_LISTING_PHOTOS Values ('7623419','bljenxvscg.jpg');
Insert into SPRING23_S003_7_LISTING_PHOTOS Values ('6330050','yofaredefz.jpg');
Insert into SPRING23_S003_7_LISTING_PHOTOS Values ('5273678','rrrqabchop.jpg');
Insert into SPRING23_S003_7_LISTING_PHOTOS Values ('1691164','vyqqlfwnpd.jpg');
Insert into SPRING23_S003_7_LISTING_PHOTOS Values ('5080768','awtigumtuk.jpg');
Insert into SPRING23_S003_7_LISTING_PHOTOS Values ('7544222','xqsarffgjz.jpg');
Insert into SPRING23_S003_7_LISTING_PHOTOS Values ('1412021','fpamektpzr.jpg');
Insert into SPRING23_S003_7_LISTING_PHOTOS Values ('1646067','oxjezdyhzs.jpg');
Insert into SPRING23_S003_7_LISTING_PHOTOS Values ('4907949','pwkcglvxag.jpg');
Insert into SPRING23_S003_7_LISTING_PHOTOS Values ('2406092','jpvnbyywty.jpg');
Insert into SPRING23_S003_7_LISTING_PHOTOS Values ('2510389','pohgmdsrtm.jpg');
Insert into SPRING23_S003_7_LISTING_PHOTOS Values ('2338638','lduggbhqyu.jpg');
Insert into SPRING23_S003_7_LISTING_PHOTOS Values ('877778','zyqxgfinjy.jpg');
Insert into SPRING23_S003_7_LISTING_PHOTOS Values ('1837334','vxvfsdajri.jpg');
Insert into SPRING23_S003_7_LISTING_PHOTOS Values ('5686199','nvcakvmnus.jpg');
Insert into SPRING23_S003_7_LISTING_PHOTOS Values ('6436899','lsjoypmexy.jpg');
Insert into SPRING23_S003_7_LISTING_PHOTOS Values ('2352266','fcnvclgxbw.jpg');
Insert into SPRING23_S003_7_LISTING_PHOTOS Values ('3819352','anftudhjvl.jpg');
Insert into SPRING23_S003_7_LISTING_PHOTOS Values ('2130851','syisfjrfqp.jpg');
Insert into SPRING23_S003_7_LISTING_PHOTOS Values ('2342371','rbjjjmaucr.jpg');
Insert into SPRING23_S003_7_LISTING_PHOTOS Values ('7064124','blxcicrgbr.jpg');
Insert into SPRING23_S003_7_LISTING_PHOTOS Values ('2490939','qwtoqbejik.jpg');
Insert into SPRING23_S003_7_LISTING_PHOTOS Values ('6489464','rnitfrgzgs.jpg');
Insert into SPRING23_S003_7_LISTING_PHOTOS Values ('2607609','onhafintpb.jpg');
Insert into SPRING23_S003_7_LISTING_PHOTOS Values ('2137641','kjqwbgpeul.jpg');
Insert into SPRING23_S003_7_LISTING_PHOTOS Values ('7277622','wllkrltxbd.jpg');
Insert into SPRING23_S003_7_LISTING_PHOTOS Values ('7954174','uvusfkigqw.jpg');
Insert into SPRING23_S003_7_LISTING_PHOTOS Values ('5480070','kvxvhpjwry.jpg');
Insert into SPRING23_S003_7_LISTING_PHOTOS Values ('7358698','rshkvpytlx.jpg');
Insert into SPRING23_S003_7_LISTING_PHOTOS Values ('1797993','nwlyppbstu.jpg');
Insert into SPRING23_S003_7_LISTING_PHOTOS Values ('7290067','dmrerjpcij.jpg');
Insert into SPRING23_S003_7_LISTING_PHOTOS Values ('6465381','ddfplevulw.jpg');
Insert into SPRING23_S003_7_LISTING_PHOTOS Values ('1926166','cuzvglcndv.jpg');
Insert into SPRING23_S003_7_LISTING_PHOTOS Values ('5783630','unbwowfqhb.jpg');
Insert into SPRING23_S003_7_LISTING_PHOTOS Values ('822738','gqffbuwarf.jpg');
Insert into SPRING23_S003_7_LISTING_PHOTOS Values ('1813324','ydhkbrxhpz.jpg');
Insert into SPRING23_S003_7_LISTING_PHOTOS Values ('7552073','mlfkbenhqd.jpg');
Insert into SPRING23_S003_7_LISTING_PHOTOS Values ('7072433','itcyurcarx.jpg');
Insert into SPRING23_S003_7_LISTING_PHOTOS Values ('3205086','tclevywoqn.jpg');
Insert into SPRING23_S003_7_LISTING_PHOTOS Values ('6156550','obbhcufamy.jpg');
Insert into SPRING23_S003_7_LISTING_PHOTOS Values ('4538544','ggqycjtbmo.jpg');
Insert into SPRING23_S003_7_LISTING_PHOTOS Values ('3242987','yropjcenpx.jpg');
Insert into SPRING23_S003_7_LISTING_PHOTOS Values ('3620361','hdtnlqgmkl.jpg');
Insert into SPRING23_S003_7_LISTING_PHOTOS Values ('1213211','eldubyymxc.jpg');
Insert into SPRING23_S003_7_LISTING_PHOTOS Values ('5290413','oqirlkxpsc.jpg');
Insert into SPRING23_S003_7_LISTING_PHOTOS Values ('8323331','rkafnnxxmx.jpg');
Insert into SPRING23_S003_7_LISTING_PHOTOS Values ('8427598','oqjjyylqph.jpg');
Insert into SPRING23_S003_7_LISTING_PHOTOS Values ('5425342','spkvmcikhg.jpg');
Insert into SPRING23_S003_7_LISTING_PHOTOS Values ('4931894','ycgwrkswnx.jpg');
Insert into SPRING23_S003_7_LISTING_PHOTOS Values ('7019758','bpyfokbaob.jpg');
Insert into SPRING23_S003_7_LISTING_PHOTOS Values ('6662632','jcmqekfiue.jpg');
Insert into SPRING23_S003_7_LISTING_PHOTOS Values ('3724775','vdxesclkqg.jpg');
Insert into SPRING23_S003_7_LISTING_PHOTOS Values ('6685893','ttmpjgrcji.jpg');
Insert into SPRING23_S003_7_LISTING_PHOTOS Values ('28641','eyymisvbdd.jpg');
Insert into SPRING23_S003_7_LISTING_PHOTOS Values ('1324331','htozzbyhem.jpg');
Insert into SPRING23_S003_7_LISTING_PHOTOS Values ('5954041','uutczkndjb.jpg');
Insert into SPRING23_S003_7_LISTING_PHOTOS Values ('5280434','avrgfkvrix.jpg');
Insert into SPRING23_S003_7_LISTING_PHOTOS Values ('4926735','llskntoiqc.jpg');
Insert into SPRING23_S003_7_LISTING_PHOTOS Values ('2655220','aznjbgvzin.jpg');
Insert into SPRING23_S003_7_LISTING_PHOTOS Values ('147330','fkkmeyeftk.jpg');
Insert into SPRING23_S003_7_LISTING_PHOTOS Values ('5352165','jgnoqirruq.jpg');
Insert into SPRING23_S003_7_LISTING_PHOTOS Values ('6871633','lilyxqhbxy.jpg');
Insert into SPRING23_S003_7_LISTING_PHOTOS Values ('5112726','lvafzzobeu.jpg');
Insert into SPRING23_S003_7_LISTING_PHOTOS Values ('7478164','aceghwofdz.jpg');
Insert into SPRING23_S003_7_LISTING_PHOTOS Values ('262443','xhrqbatqze.jpg');
Insert into SPRING23_S003_7_LISTING_PHOTOS Values ('6728726','fvdmvshtgp.jpg');
Insert into SPRING23_S003_7_LISTING_PHOTOS Values ('2145129','fbcpulzhww.jpg');
Insert into SPRING23_S003_7_LISTING_PHOTOS Values ('6394205','cvsymnlktb.jpg');
Insert into SPRING23_S003_7_LISTING_PHOTOS Values ('4149429','bwauqisrvp.jpg');
Insert into SPRING23_S003_7_LISTING_PHOTOS Values ('5315184','ibpwtzrkvm.jpg');
Insert into SPRING23_S003_7_LISTING_PHOTOS Values ('8352222','xaklhoirle.jpg');
Insert into SPRING23_S003_7_LISTING_PHOTOS Values ('825639','anwafoapxu.jpg');
Insert into SPRING23_S003_7_LISTING_PHOTOS Values ('289111','ouqfnuymsv.jpg');
Insert into SPRING23_S003_7_LISTING_PHOTOS Values ('990169','lwtprlzklw.jpg');
Insert into SPRING23_S003_7_LISTING_PHOTOS Values ('1751896','tjqkrkqiyv.jpg');


Insert into SPRING23_S003_7_REVIEW Values ('1841374','Foreign accept listen.','4','0','5758967','Michelle4908','James9479');
Insert into SPRING23_S003_7_REVIEW Values ('694676','Notice yet also himself.','3','0','4433181','Chloe4828','Anne5662');
Insert into SPRING23_S003_7_REVIEW Values ('2355413','Can star toward describe save crime section.','5','0','418761','Jonathan3493','Russell7531');
Insert into SPRING23_S003_7_REVIEW Values ('1722866','Business region discussion director drive.','2','0','6616362','Chloe4828','Amy7389');
Insert into SPRING23_S003_7_REVIEW Values ('3886394','Somebody particular professional rock quite.','2','0','4577342','Derrick0274','John6488');
Insert into SPRING23_S003_7_REVIEW Values ('7700372','Around tonight media economy.','3','0','7019758','Angela0774','Gary8422');
Insert into SPRING23_S003_7_REVIEW Values ('423573','North office message remain today value.','4','0','6616362','Raymond8754','Amy7389');
Insert into SPRING23_S003_7_REVIEW Values ('975983','Music time east notice.','2','0','2534812','Robert7536','Brian0049');
Insert into SPRING23_S003_7_REVIEW Values ('6466254','More remember word century various ready realize.','5','0','2534812','Jeffrey1076','Brian0049');
Insert into SPRING23_S003_7_REVIEW Values ('5501839','Various something book magazine next.','1','0','7072433','Beverly2602','Gary8422');
Insert into SPRING23_S003_7_REVIEW Values ('691372','Certain loss everybody contain machine instead central account.','2','0','186581','Jonathan3493','Scott5735');
Insert into SPRING23_S003_7_REVIEW Values ('2915264','One inside feeling ahead bank series.','5','0','8505483','Matthew9602','Brian0332');
Insert into SPRING23_S003_7_REVIEW Values ('1451568','Expert near seven measure message.','3','0','5711051','Kimberly4224','Brian7547');
Insert into SPRING23_S003_7_REVIEW Values ('2222861','Idea research physical director agree.','2','0','1998500','David8146','Brian0332');
Insert into SPRING23_S003_7_REVIEW Values ('7362097','Ball quite rule spring detail move.','2','0','3435225','Michael4331','Rebecca7229');
Insert into SPRING23_S003_7_REVIEW Values ('5834757','Local structure when impact summer growth.','1','0','186581','Dr.7080','Scott5735');
Insert into SPRING23_S003_7_REVIEW Values ('5628175','Check tell what well hard agreement.','5','0','7906415','Michelle4908','Scott5735');
Insert into SPRING23_S003_7_REVIEW Values ('2448283','Despite three expect wait of last time.','5','0','3378315','Jeffrey1076','Kimberly7025');
Insert into SPRING23_S003_7_REVIEW Values ('1463265','Beyond country author American account fund future.','4','0','8132898','Aaron6289','Morgan2123');
Insert into SPRING23_S003_7_REVIEW Values ('4263674','Race make use rock a.','4','0','5399250','Jonathan3493','Miss6084');
Insert into SPRING23_S003_7_REVIEW Values ('6246822','Training stage that lose themselves activity kind day.','5','0','7458039','Holly3028','Robert1250');
Insert into SPRING23_S003_7_REVIEW Values ('3947800','About cause off share PM likely.','5','0','4588014','Jennifer0342','Brian0049');
Insert into SPRING23_S003_7_REVIEW Values ('6779736','Factor both him claim.','5','0','7277622','Adam3783','Matthew8220');
Insert into SPRING23_S003_7_REVIEW Values ('5642111','There father another street physical grow idea.','3','0','1189520','Derrick0274','Anne5662');
Insert into SPRING23_S003_7_REVIEW Values ('708095','Service strategy oil community build occur point create.','4','0','7528300','Dr.7080','Anne5662');
Insert into SPRING23_S003_7_REVIEW Values ('6945333','Measure born federal arrive you would process.','4','0','5280434','Jonathan3493','Alexander2363');
Insert into SPRING23_S003_7_REVIEW Values ('7308659','Miss tree drive nearly body.','2','0','1445885','Jeff6377','Brian7547');
Insert into SPRING23_S003_7_REVIEW Values ('4407302','Someone should break affect.','4','0','6350733','David8146','Morgan2123');
Insert into SPRING23_S003_7_REVIEW Values ('1141186','All employee medical next worker section.','5','0','5994650','Jeff6377','Anne5662');
Insert into SPRING23_S003_7_REVIEW Values ('5477339','Skin later worry hundred sound assume which.','3','0','8132898','Adam3783','Morgan2123');
Insert into SPRING23_S003_7_REVIEW Values ('1239054','One deep see.','5','0','1445885','Joseph6669','Brian7547');
Insert into SPRING23_S003_7_REVIEW Values ('5592106','Become executive expert performance type.','1','0','5758967','Chloe4828','James9479');
Insert into SPRING23_S003_7_REVIEW Values ('2481676','Pay mother family everybody example together person.','4','0','3886004','Joseph6669','Cory5365');
Insert into SPRING23_S003_7_REVIEW Values ('8638715','Young million expert positive account accept manager agent.','3','0','2816911','Nathan8091','Rebecca7229');
Insert into SPRING23_S003_7_REVIEW Values ('5248684','Hair buy station certainly.','3','0','7277622','Matthew9602','Matthew8220');
Insert into SPRING23_S003_7_REVIEW Values ('1540995','Care station director race.','5','0','3011372','Philip8314','Brian0049');
Insert into SPRING23_S003_7_REVIEW Values ('6553048','Mission fish especially use.','2','0','7311133','Adam3783','Jessica3198');
Insert into SPRING23_S003_7_REVIEW Values ('3149162','Present energy either.','4','0','3378315','Holly3028','Kimberly7025');
Insert into SPRING23_S003_7_REVIEW Values ('418742','Step high short night work head.','4','0','7906415','Beverly2602','Kimberly7025');
Insert into SPRING23_S003_7_REVIEW Values ('2429869','Want party into leader.','3','0','5317082','Heather5872','Cory5365');
Insert into SPRING23_S003_7_REVIEW Values ('1695377','Lead number help paper cup.','4','0','697524','David8146','Robert1250');
Insert into SPRING23_S003_7_REVIEW Values ('6733003','Blue effort heavy success course which police.','5','0','4588014','Andrew3923','Brian0049');
Insert into SPRING23_S003_7_REVIEW Values ('4417771','Between majority behavior professor news today.','4','0','7277622','Jo9413','Matthew8220');
Insert into SPRING23_S003_7_REVIEW Values ('7823621','Camera surface significant catch themselves final offer.','3','0','5974936','Joyce1891','David6372');
Insert into SPRING23_S003_7_REVIEW Values ('104076','Night tell since car.','3','0','5711051','Melissa6017','Brian7547');
Insert into SPRING23_S003_7_REVIEW Values ('6467648','Go here this current and she mouth mission.','4','0','1998500','Caleb5756','Brian0332');
Insert into SPRING23_S003_7_REVIEW Values ('8305385','Resource major institution would.','3','0','6134311','Parker4342','David6372');


Insert into SPRING23_S003_7_MEMBERSHIP_TYPE Values ('Gold','1',3,10);
Insert into SPRING23_S003_7_MEMBERSHIP_TYPE Values ('Platinum','3',9,20);
Insert into SPRING23_S003_7_MEMBERSHIP_TYPE Values ('Diamond','9',30,50);


Insert into SPRING23_S003_7_MEMBERSHIP Values ('Jessica3198','2980778',DATE'2020-08-13','Platinum');
Insert into SPRING23_S003_7_MEMBERSHIP Values ('Brian7547','8530976',DATE'2022-12-06','Gold');
Insert into SPRING23_S003_7_MEMBERSHIP Values ('Jessica3198','8065901',DATE'2020-10-29','Gold');
Insert into SPRING23_S003_7_MEMBERSHIP Values ('Jessica3198','7783021',DATE'2021-08-18','Diamond');
Insert into SPRING23_S003_7_MEMBERSHIP Values ('Daniel0457','3225663',DATE'2022-03-29','Gold');
Insert into SPRING23_S003_7_MEMBERSHIP Values ('Brian7547','7641253',DATE'2022-01-07','Diamond');
Insert into SPRING23_S003_7_MEMBERSHIP Values ('Brian7547','3844727',DATE'2022-08-24','Platinum');
Insert into SPRING23_S003_7_MEMBERSHIP Values ('Cory5365','5648381',DATE'2022-06-18','Platinum');
Insert into SPRING23_S003_7_MEMBERSHIP Values ('Morgan2123','8194498',DATE'2022-08-15','Platinum');
Insert into SPRING23_S003_7_MEMBERSHIP Values ('James9479','2859058',DATE'2022-10-28','Gold');
Insert into SPRING23_S003_7_MEMBERSHIP Values ('Brian0049','7888036',DATE'2020-12-26','Diamond');
Insert into SPRING23_S003_7_MEMBERSHIP Values ('Anne5662','7542755',DATE'2021-12-18','Diamond');
Insert into SPRING23_S003_7_MEMBERSHIP Values ('Miss6084','127866',DATE'2022-01-11','Diamond');
Insert into SPRING23_S003_7_MEMBERSHIP Values ('Amy7389','2165538',DATE'2022-11-20','Gold');
Insert into SPRING23_S003_7_MEMBERSHIP Values ('Brian6416','7493449',DATE'2022-09-02','Platinum');
Insert into SPRING23_S003_7_MEMBERSHIP Values ('Kimberly7025','6307495',DATE'2021-05-05','Gold');
Insert into SPRING23_S003_7_MEMBERSHIP Values ('Russell7531','5756366',DATE'2022-09-12','Platinum');
Insert into SPRING23_S003_7_MEMBERSHIP Values ('Renee5028','8204507',DATE'2022-06-09','Platinum');
Insert into SPRING23_S003_7_MEMBERSHIP Values ('Rebecca7229','5724350',DATE'2021-01-26','Platinum');
Insert into SPRING23_S003_7_MEMBERSHIP Values ('Robert1250','8540965',DATE'2021-08-24','Platinum');
Insert into SPRING23_S003_7_MEMBERSHIP Values ('Todd3397','4017213',DATE'2019-12-17','Diamond');
Insert into SPRING23_S003_7_MEMBERSHIP Values ('John6488','8558811',DATE'2022-02-16','Diamond');
Insert into SPRING23_S003_7_MEMBERSHIP Values ('Matthew8220','1811577',DATE'2022-02-23','Platinum');
Insert into SPRING23_S003_7_MEMBERSHIP Values ('Gary8422','6921225',DATE'2022-09-21','Diamond');
Insert into SPRING23_S003_7_MEMBERSHIP Values ('Alexander2363','3596270',DATE'2021-04-05','Diamond');
